timestamp,pm1_ug_m3,pm25_ug_m3,pm4_ug_m3,pm10_ug_m3,humidity_percent,temperature_c,voc_index,nox_index,co2_ppm,particulate_hazard,voc_hazard,nox_hazard,co2_hazard,yolo_active,mask_detected,respirator_detected,goggles_detected,required_ppe,ppe_confirmed
2026-08-25T00:09:38,6553.5,6553.5,6553.5,6553.5,63.6,24.4,0,0,65535,True,False,False,True,False,,,,,
2026-08-25T00:09:39,0.0,0.0,0.0,0.0,63.6,24.4,0,0,65535,False,False,False,True,False,,,,,
2026-08-25T00:09:40,0.1,0.2,0.2,0.2,63.6,24.4,0,0,65535,False,False,False,True,False,,,,,
2026-08-25T00:09:41,0.3,0.4,0.4,0.5,63.6,24.4,0,0,65535,False,False,False,True,False,,,,,
2026-08-25T00:09:42,0.6,0.7,0.8,0.9,63.6,24.4,0,0,2037,False,False,False,False,False,,,,,
2026-08-25T00:09:43,0.8,1.0,1.1,1.1,63.6,24.4,0,0,2037,False,False,False,False,False,,,,,
2026-08-25T00:09:44,0.8,1.0,1.1,1.1,63.6,24.4,0,0,2037,False,False,False,False,False,,,,,
2026-08-25T00:09:45,0.8,1.0,1.1,1.1,63.6,24.4,0,0,2037,False,False,False,False,False,,,,,
2026-08-25T00:09:46,0.9,1.1,1.2,1.2,63.6,24.4,0,0,2037,False,False,False,False,False,,,,,
2026-08-25T00:09:47,0.9,1.1,1.2,1.2,63.6,24.4,0,0,2030,False,False,False,False,False,,,,,
2026-08-25T00:09:48,1.0,1.2,1.3,1.4,63.5,24.4,0,0,2023,False,False,False,False,False,,,,,
2026-08-25T00:09:49,1.0,1.2,1.3,1.4,63.5,24.4,0,0,2017,False,False,False,False,False,,,,,
2026-08-25T00:09:50,1.0,1.2,1.3,1.4,63.5,24.4,0,0,2010,False,False,False,False,False,,,,,
2026-08-25T00:09:51,1.0,1.2,1.3,1.4,63.5,24.4,0,0,2004,False,False,False,False,False,,,,,
2026-08-25T00:09:52,1.1,1.3,1.4,1.5,63.4,24.4,0,0,1996,False,False,False,False,False,,,,,
2026-08-25T00:09:53,1.1,1.3,1.4,1.5,63.3,24.4,0,0,1988,False,False,False,False,False,,,,,
2026-08-25T00:09:54,1.1,1.3,1.4,1.5,63.3,24.4,0,0,1980,False,False,False,False,False,,,,,
2026-08-25T00:09:55,1.2,1.4,1.6,1.6,63.2,24.4,0,0,1972,False,False,False,False,False,,,,,
2026-08-25T00:09:56,1.2,1.4,1.6,1.6,63.2,24.4,0,0,1964,False,False,False,False,False,,,,,
2026-08-25T00:09:57,1.2,1.4,1.6,1.6,63.1,24.4,0,0,1948,False,False,False,False,False,,,,,
2026-08-25T00:09:58,1.3,1.6,1.7,1.8,63.1,24.4,0,0,1932,False,False,False,False,False,,,,,
2026-08-25T00:09:59,1.3,1.6,1.7,1.8,63.0,24.4,0,0,1916,False,False,False,False,False,,,,,
2026-08-25T00:10:00,1.3,1.6,1.7,1.8,63.0,24.4,0,0,1900,False,False,False,False,False,,,,,
2026-08-25T00:10:01,1.3,1.6,1.7,1.8,62.9,24.4,0,0,1885,False,False,False,False,False,,,,,
2026-08-25T00:10:02,1.4,1.7,1.8,1.9,62.8,24.4,0,0,1874,False,False,False,False,False,,,,,
2026-08-25T00:10:03,1.4,1.7,1.8,1.9,62.7,24.4,0,0,1863,False,False,False,False,False,,,,,
2026-08-25T00:10:04,1.4,1.7,1.8,1.9,62.7,24.4,0,0,1852,False,False,False,False,False,,,,,
2026-08-25T00:10:05,1.4,1.7,1.8,1.9,62.6,24.4,0,0,1841,False,False,False,False,False,,,,,
2026-08-25T00:10:06,1.5,1.8,2.0,2.0,62.5,24.4,0,0,1831,False,False,False,False,False,,,,,
2026-08-25T00:10:07,1.5,1.8,2.0,2.0,62.4,24.4,0,0,1822,False,False,False,False,False,,,,,
2026-08-25T00:10:08,1.5,1.8,2.0,2.0,62.3,24.4,0,0,1814,False,False,False,False,False,,,,,
2026-08-25T00:10:09,1.6,1.9,2.1,2.2,62.3,24.4,0,0,1806,False,False,False,False,False,,,,,
2026-08-25T00:10:10,1.6,1.9,2.1,2.2,62.2,24.4,0,0,1798,False,False,False,False,False,,,,,
2026-08-25T00:10:11,1.6,1.9,2.1,2.2,62.1,24.4,0,0,1790,False,False,False,False,False,,,,,
2026-08-25T00:10:12,1.7,2.0,2.2,2.3,62.0,24.4,0,0,1786,False,False,False,False,False,,,,,
2026-08-25T00:10:13,1.7,2.0,2.2,2.3,62.0,24.4,0,0,1782,False,False,False,False,False,,,,,
2026-08-25T00:10:14,1.7,2.0,2.2,2.3,61.9,24.4,0,0,1778,False,False,False,False,False,,,,,
2026-08-25T00:10:15,1.8,2.1,2.3,2.4,61.9,24.4,0,0,1774,False,False,False,False,False,,,,,
2026-08-25T00:10:16,1.8,2.1,2.3,2.4,61.8,24.4,0,0,1768,False,False,False,False,False,,,,,
2026-08-25T00:10:17,1.8,2.1,2.3,2.4,61.8,24.4,0,0,1763,False,False,False,False,False,,,,,
2026-08-25T00:10:18,1.9,2.3,2.5,2.5,61.7,24.4,0,0,1758,False,False,False,False,False,,,,,
2026-08-25T00:10:19,1.9,2.3,2.5,2.5,61.7,24.4,0,0,1753,False,False,False,False,False,,,,,
2026-08-25T00:10:20,1.9,2.3,2.5,2.5,61.6,24.4,0,0,1748,False,False,False,False,False,,,,,
2026-08-25T00:10:21,1.9,2.3,2.5,2.5,61.6,24.4,0,0,1745,False,False,False,False,False,,,,,
2026-08-25T00:10:22,2.0,2.4,2.6,2.7,61.6,24.4,0,0,1743,False,False,False,False,False,,,,,
2026-08-25T00:10:23,2.0,2.4,2.6,2.7,61.5,24.4,10,10,1740,False,False,False,False,False,,,,,
2026-08-25T00:10:24,2.0,2.4,2.6,2.7,61.5,24.4,10,10,1738,False,False,False,False,False,,,,,
2026-08-25T00:10:25,2.0,2.4,2.6,2.7,61.5,24.4,10,10,1736,False,False,False,False,False,,,,,
2026-08-25T00:10:26,2.1,2.5,2.7,2.8,61.5,24.4,30,10,1722,False,False,False,False,False,,,,,
2026-08-25T00:10:27,2.1,2.5,2.7,2.8,61.4,24.4,50,10,1709,False,False,False,False,False,,,,,
2026-08-25T00:10:28,2.1,2.5,2.7,2.8,61.4,24.4,70,10,1696,False,False,False,False,False,,,,,
2026-08-25T00:10:29,2.1,2.5,2.7,2.8,61.4,24.4,100,10,1683,False,False,False,False,False,,,,,
2026-08-25T00:10:30,2.1,2.5,2.7,2.8,61.4,24.4,140,10,1670,False,False,False,False,False,,,,,
2026-08-25T00:10:31,2.1,2.5,2.7,2.8,61.4,24.4,170,10,1657,False,False,False,False,False,,,,,
2026-08-25T00:10:32,2.2,2.6,2.8,2.9,61.3,24.4,200,10,1644,False,True,False,False,False,,,,,
2026-08-25T00:10:33,2.2,2.6,2.8,2.9,61.3,24.4,230,10,1632,False,True,False,False,False,,,,,
2026-08-25T00:10:34,2.2,2.6,2.8,2.9,61.3,24.4,250,10,1619,False,True,False,False,False,,,,,
2026-08-25T00:10:35,2.2,2.6,2.8,2.9,61.3,24.4,280,10,1607,False,True,False,False,True,False,False,True,RESPIRATOR,False
2026-08-25T00:10:36,2.2,2.6,2.8,2.9,61.3,24.4,300,10,1603,False,True,False,False,True,False,True,False,RESPIRATOR,True
2026-08-25T00:10:37,2.3,2.7,2.9,3.1,61.3,24.4,330,10,1599,False,True,False,False,True,False,False,True,RESPIRATOR,False
2026-08-25T00:10:38,2.3,2.7,2.9,3.1,61.3,24.4,350,10,1595,False,True,False,False,True,False,False,True,RESPIRATOR,False
2026-08-25T00:10:39,2.3,2.7,2.9,3.1,61.3,24.4,370,10,1591,False,True,False,False,True,False,False,True,RESPIRATOR,False
2026-08-25T00:10:40,2.3,2.7,2.9,3.1,61.3,24.4,390,10,1587,False,True,False,False,True,False,False,True,RESPIRATOR,False
2026-08-25T00:10:41,2.3,2.7,2.9,3.1,61.4,24.4,410,10,1586,False,True,False,False,True,False,True,False,RESPIRATOR,True
2026-08-25T00:10:42,2.3,2.7,2.9,3.1,61.5,24.4,430,10,1585,False,True,False,False,True,False,False,True,RESPIRATOR,False
2026-08-25T00:10:43,2.3,2.7,2.9,3.1,61.6,24.4,450,10,1584,False,True,False,False,True,False,False,True,RESPIRATOR,False
2026-08-25T00:10:44,2.3,2.7,2.9,3.1,61.6,24.4,470,10,1583,False,True,False,False,True,False,True,False,RESPIRATOR,True
2026-08-25T00:10:45,2.3,2.7,2.9,3.1,61.7,24.4,490,10,1583,False,True,False,False,True,True,False,False,RESPIRATOR,False
2026-08-25T00:10:46,2.3,2.7,2.9,3.1,61.7,24.4,500,10,1580,False,True,False,False,True,False,True,False,RESPIRATOR,True
2026-08-25T00:10:47,2.4,2.8,3.1,3.2,61.7,24.4,520,10,1578,False,True,False,False,True,True,True,False,RESPIRATOR,True
2026-08-25T00:10:48,2.4,2.8,3.1,3.2,61.7,24.4,540,10,1576,False,True,False,False,True,False,True,False,RESPIRATOR,True
2026-08-25T00:10:49,2.4,2.8,3.1,3.2,61.7,24.4,550,10,1574,False,True,False,False,True,False,True,False,RESPIRATOR,True
2026-08-25T00:10:50,2.4,2.8,3.1,3.2,61.7,24.4,570,10,1572,False,True,False,False,True,False,True,False,RESPIRATOR,True
2026-08-25T00:10:51,2.4,2.8,3.1,3.2,61.7,24.4,580,10,1571,False,True,False,False,True,False,True,False,RESPIRATOR,True
2026-08-25T00:10:52,2.4,2.8,3.1,3.2,61.7,24.4,590,10,1571,False,True,False,False,True,True,False,False,RESPIRATOR,False
2026-08-25T00:10:53,2.4,2.8,3.1,3.2,61.7,24.4,600,10,1570,False,True,False,False,True,False,False,True,RESPIRATOR,False
2026-08-25T00:10:54,2.4,2.8,3.1,3.2,61.7,24.4,610,10,1570,False,True,False,False,True,False,True,False,RESPIRATOR,True
2026-08-25T00:10:55,2.4,2.8,3.1,3.2,61.7,24.4,620,10,1569,False,True,False,False,True,False,True,False,RESPIRATOR,True
2026-08-25T00:10:56,2.4,2.8,3.1,3.2,61.7,24.4,630,10,1568,False,True,False,False,True,False,True,False,RESPIRATOR,True
2026-08-25T00:10:57,2.4,2.8,3.1,3.2,61.7,24.4,640,10,1568,False,True,False,False,True,False,True,False,RESPIRATOR,True
2026-08-25T00:10:58,2.4,2.8,3.1,3.2,61.7,24.4,650,10,1567,False,True,False,False,True,False,True,False,RESPIRATOR,False
2026-08-25T00:10:59,2.4,2.8,3.1,3.2,61.7,24.4,650,10,1567,False,True,False,False,True,False,True,False,RESPIRATOR,False
2026-08-25T00:11:00,2.4,2.8,3.1,3.2,61.7,24.4,660,10,1566,False,True,False,False,True,False,True,False,RESPIRATOR,False
2026-08-25T00:11:01,2.4,2.8,3.1,3.2,61.7,24.4,670,10,1565,False,True,False,False,True,False,True,False,RESPIRATOR,False
2026-08-25T00:11:02,2.4,2.8,3.1,3.2,61.7,24.4,670,10,1565,False,True,False,False,True,False,True,False,RESPIRATOR,False
2026-08-25T00:11:03,2.4,2.8,3.1,3.2,61.7,24.4,680,10,1564,False,True,False,False,True,False,True,False,RESPIRATOR,False
2026-08-25T00:11:04,2.4,2.8,3.1,3.2,61.7,24.4,690,10,1564,False,True,False,False,True,False,True,False,RESPIRATOR,True
2026-08-25T00:11:05,2.4,2.8,3.1,3.2,61.7,24.4,690,10,1561,False,True,False,False,True,False,True,False,RESPIRATOR,True
2026-08-25T00:11:06,2.4,2.8,3.1,3.2,61.7,24.4,700,10,1559,False,True,False,False,True,False,True,False,RESPIRATOR,True
2026-08-25T00:11:07,2.4,2.8,3.1,3.2,61.7,24.4,700,10,1556,False,True,False,False,True,False,True,False,RESPIRATOR,True
2026-08-25T00:11:08,2.4,2.8,3.1,3.2,61.7,24.4,710,10,1554,False,True,False,False,True,False,True,False,RESPIRATOR,True
2026-08-25T00:11:09,2.4,2.8,3.1,3.2,61.7,24.4,710,10,1552,False,True,False,False,True,False,True,False,RESPIRATOR,True
2026-08-25T00:11:10,2.4,2.8,3.1,3.2,61.7,24.4,720,10,1551,False,True,False,False,True,False,True,False,RESPIRATOR,False
2026-08-25T00:11:11,2.4,2.8,3.1,3.2,61.7,24.4,720,10,1551,False,True,False,False,True,False,True,False,RESPIRATOR,False
2026-08-25T00:11:12,2.4,2.8,3.1,3.2,61.7,24.4,730,10,1550,False,True,False,False,True,False,True,False,RESPIRATOR,False
2026-08-25T00:11:13,2.4,2.8,3.1,3.2,61.7,24.4,730,10,1550,False,True,False,False,True,False,True,False,RESPIRATOR,True
2026-08-25T00:11:14,2.4,2.8,3.1,3.2,61.7,24.4,740,10,1550,False,True,False,False,True,False,True,False,RESPIRATOR,True
2026-08-25T00:11:15,2.4,2.8,3.1,3.2,61.7,24.4,740,10,1546,False,True,False,False,True,False,True,True,RESPIRATOR,True
2026-08-25T00:11:16,2.4,2.8,3.1,3.2,61.7,24.4,750,10,1542,False,True,False,False,True,False,False,True,RESPIRATOR,False
2026-08-25T00:11:17,2.4,2.8,3.1,3.2,61.7,24.4,750,10,1539,False,True,False,False,True,False,True,True,RESPIRATOR,True
2026-08-25T00:11:18,2.4,2.8,3.1,3.2,61.7,24.4,760,10,1535,False,True,False,False,True,True,False,True,RESPIRATOR,False
2026-08-25T00:11:19,2.4,2.8,3.1,3.2,61.7,24.4,760,10,1532,False,True,False,False,True,True,False,False,RESPIRATOR,False
2026-08-25T00:11:20,2.4,2.8,3.1,3.2,61.7,24.4,770,10,1527,False,True,False,False,True,False,False,True,RESPIRATOR,False
2026-08-25T00:11:21,2.4,2.8,3.1,3.2,61.7,24.4,770,10,1522,False,True,False,False,True,False,False,True,RESPIRATOR,False
2026-08-25T00:11:22,2.4,2.8,3.1,3.2,61.7,24.4,780,10,1517,False,True,False,False,True,True,False,False,RESPIRATOR,False
2026-08-25T00:11:23,2.4,2.8,3.1,3.2,61.7,24.4,780,10,1512,False,True,False,False,True,True,False,False,RESPIRATOR,False
2026-08-25T00:11:24,2.4,2.8,3.1,3.2,61.7,24.4,790,10,1507,False,True,False,False,True,True,False,False,RESPIRATOR,False
2026-08-25T00:11:25,2.4,2.8,3.1,3.2,61.7,24.4,790,10,1499,False,True,False,False,True,True,False,False,RESPIRATOR,False
2026-08-25T00:11:26,2.4,2.8,3.1,3.2,61.7,24.4,800,10,1491,False,True,False,False,True,True,False,False,RESPIRATOR,False
2026-08-25T00:11:27,2.4,2.8,3.1,3.2,61.7,24.3,800,10,1484,False,True,False,False,True,False,False,True,RESPIRATOR,False
2026-08-25T00:11:28,2.4,2.8,3.1,3.2,61.7,24.3,810,10,1476,False,True,False,False,True,False,False,True,RESPIRATOR,False
2026-08-25T00:11:29,2.4,2.8,3.1,3.2,61.7,24.3,810,10,1469,False,True,False,False,True,False,False,True,RESPIRATOR,False
2026-08-25T00:11:30,2.4,2.8,3.1,3.2,61.7,24.3,810,10,1463,False,True,False,False,True,False,False,True,RESPIRATOR,False
2026-08-25T00:11:31,2.3,2.7,2.9,3.1,61.7,24.3,820,10,1458,False,True,False,False,True,False,False,True,RESPIRATOR,False
2026-08-25T00:11:32,2.3,2.7,2.9,3.1,61.8,24.3,820,10,1453,False,True,False,False,True,False,False,True,RESPIRATOR,False
2026-08-25T00:11:33,2.3,2.7,2.9,3.1,61.8,24.3,830,10,1448,False,True,False,False,True,False,False,True,RESPIRATOR,False
2026-08-25T00:11:34,2.3,2.7,2.9,3.1,61.8,24.3,830,10,1445,False,True,False,False,True,False,False,True,RESPIRATOR,False
2026-08-25T00:11:35,2.3,2.7,2.9,3.1,61.8,24.3,840,10,1442,False,True,False,False,True,False,False,True,RESPIRATOR,False
2026-08-25T00:11:36,2.3,2.7,2.9,3.1,61.8,24.3,840,10,1439,False,True,False,False,True,False,False,True,RESPIRATOR,False
2026-08-25T00:11:37,2.3,2.7,2.9,3.1,61.8,24.3,840,10,1436,False,True,False,False,True,False,False,True,RESPIRATOR,False
2026-08-25T00:11:38,2.3,2.7,2.9,3.1,61.8,24.3,850,10,1433,False,True,False,False,True,False,False,True,RESPIRATOR,False
2026-08-25T00:11:39,2.3,2.7,2.9,3.1,61.8,24.3,850,10,1432,False,True,False,False,True,False,False,True,RESPIRATOR,False
2026-08-25T00:11:40,2.3,2.7,2.9,3.1,61.8,24.3,850,10,1431,False,True,False,False,True,False,False,True,RESPIRATOR,False
2026-08-25T00:11:41,2.3,2.7,2.9,3.1,61.8,24.3,860,10,1431,False,True,False,False,True,False,False,True,RESPIRATOR,False
2026-08-25T00:11:42,2.3,2.7,2.9,3.1,61.8,24.3,860,10,1430,False,True,False,False,True,False,False,True,RESPIRATOR,False
2026-08-25T00:11:43,2.3,2.7,2.9,3.1,61.8,24.3,870,10,1430,False,True,False,False,True,False,False,True,RESPIRATOR,False
2026-08-25T00:11:44,2.3,2.7,2.9,3.1,61.8,24.3,870,10,1430,False,True,False,False,True,False,False,True,RESPIRATOR,False
2026-08-25T00:11:45,2.3,2.7,2.9,3.1,61.9,24.3,880,10,1430,False,True,False,False,True,False,False,True,RESPIRATOR,False
2026-08-25T00:11:46,2.3,2.7,2.9,3.1,61.9,24.3,890,10,1431,False,True,False,False,True,False,False,True,RESPIRATOR,False
2026-08-25T00:11:47,2.3,2.7,2.9,3.1,62.0,24.3,900,10,1431,False,True,False,False,True,False,False,True,RESPIRATOR,False
2026-08-25T00:11:48,2.3,2.7,2.9,3.1,62.2,24.3,910,10,1432,False,True,False,False,True,False,False,True,RESPIRATOR,False
2026-08-25T00:11:49,2.3,2.7,2.9,3.1,62.4,24.3,920,10,1434,False,True,False,False,True,False,False,True,RESPIRATOR,False
2026-08-25T00:11:50,2.3,2.7,2.9,3.1,62.6,24.3,920,10,1436,False,True,False,False,True,False,False,True,RESPIRATOR,False
2026-08-25T00:11:51,2.3,2.7,2.9,3.1,62.9,24.3,930,10,1438,False,True,False,False,True,False,False,True,RESPIRATOR,False
2026-08-25T00:11:52,2.3,2.7,2.9,3.1,63.1,24.3,940,10,1440,False,True,False,False,True,False,False,True,RESPIRATOR,False
2026-08-25T00:11:53,2.3,2.7,2.9,3.1,63.4,24.3,940,10,1442,False,True,False,False,True,False,False,True,RESPIRATOR,False
2026-08-25T00:11:54,2.3,2.7,2.9,3.1,63.6,24.3,950,10,1466,False,True,False,False,True,False,False,True,RESPIRATOR,False
2026-08-25T00:11:55,2.3,2.7,2.9,3.1,63.8,24.3,950,10,1491,False,True,False,False,True,False,False,True,RESPIRATOR,False
2026-08-25T00:11:56,2.3,2.7,2.9,3.1,64.0,24.3,960,10,1516,False,True,False,False,True,False,False,True,RESPIRATOR,False
2026-08-25T00:11:57,2.3,2.7,2.9,3.1,64.2,24.3,960,10,1541,False,True,False,False,True,False,False,True,RESPIRATOR,False
2026-08-25T00:11:58,2.3,2.7,2.9,3.1,64.3,24.3,970,10,1566,False,True,False,False,True,False,False,True,RESPIRATOR,False
2026-08-25T00:11:59,2.3,2.7,2.9,3.1,64.5,24.3,970,10,1578,False,True,False,False,True,False,False,True,RESPIRATOR,False
2026-08-25T00:12:00,2.3,2.7,2.9,3.1,64.7,24.3,980,10,1591,False,True,False,False,True,False,False,True,RESPIRATOR,False
2026-08-25T00:12:01,2.3,2.7,2.9,3.1,64.8,24.3,980,10,1603,False,True,False,False,True,False,False,True,RESPIRATOR,False
2026-08-25T00:12:02,2.4,2.8,3.1,3.2,65.0,24.3,980,10,1616,False,True,False,False,True,False,False,True,RESPIRATOR,False
2026-08-25T00:12:03,2.4,2.8,3.1,3.2,65.1,24.3,980,10,1629,False,True,False,False,True,False,False,True,RESPIRATOR,False
2026-08-25T00:12:04,2.4,2.8,3.1,3.2,65.1,24.3,980,10,1645,False,True,False,False,True,False,False,True,RESPIRATOR,False
2026-08-25T00:12:05,2.4,2.8,3.1,3.2,65.2,24.3,980,10,1662,False,True,False,False,True,False,False,True,RESPIRATOR,False
2026-08-25T00:12:06,2.4,2.8,3.1,3.2,65.3,24.3,980,10,1678,False,True,False,False,True,False,False,True,RESPIRATOR,False
2026-08-25T00:12:07,2.4,2.8,3.1,3.2,65.4,24.3,980,10,1695,False,True,False,False,True,False,False,True,RESPIRATOR,False
2026-08-25T00:12:08,2.4,2.8,3.1,3.2,65.4,24.3,980,10,1714,False,True,False,False,True,False,False,True,RESPIRATOR,False
2026-08-25T00:12:09,2.4,2.8,3.1,3.2,65.5,24.3,980,10,1733,False,True,False,False,True,False,False,True,RESPIRATOR,False
2026-08-25T00:12:10,2.4,2.9,3.2,3.3,65.6,24.3,980,10,1753,False,True,False,False,True,False,False,True,RESPIRATOR,False
2026-08-25T00:12:11,2.4,2.9,3.2,3.3,65.7,24.3,980,10,1772,False,True,False,False,True,False,False,True,RESPIRATOR,False
2026-08-25T00:12:12,2.4,2.9,3.2,3.3,65.8,24.3,980,10,1792,False,True,False,False,True,False,False,True,RESPIRATOR,False
2026-08-25T00:12:13,2.4,2.9,3.2,3.3,65.8,24.3,980,10,1799,False,True,False,False,True,False,False,True,RESPIRATOR,False
2026-08-25T00:12:14,2.4,2.9,3.2,3.3,65.9,24.3,980,10,1807,False,True,False,False,True,False,False,True,RESPIRATOR,False
2026-08-25T00:12:15,2.4,2.9,3.2,3.3,65.9,24.3,980,10,1814,False,True,False,False,True,False,False,True,RESPIRATOR,False
2026-08-25T00:12:16,2.4,2.9,3.2,3.3,65.9,24.3,980,10,1822,False,True,False,False,True,False,False,True,RESPIRATOR,False
2026-08-25T00:12:17,2.4,2.9,3.2,3.3,66.0,24.3,980,10,1830,False,True,False,False,True,False,False,True,RESPIRATOR,False
2026-08-25T00:12:18,2.4,2.9,3.2,3.3,66.0,24.3,980,10,1858,False,True,False,False,True,False,False,True,RESPIRATOR,False
2026-08-25T00:12:19,2.4,2.9,3.2,3.3,66.0,24.3,990,10,1886,False,True,False,False,True,False,False,True,RESPIRATOR,False
2026-08-25T00:12:20,2.4,2.9,3.2,3.3,65.9,24.3,990,10,1915,False,True,False,False,True,False,False,True,RESPIRATOR,False
2026-08-25T00:12:21,2.4,2.9,3.2,3.3,65.9,24.3,990,10,1943,False,True,False,False,True,False,False,True,RESPIRATOR,False
2026-08-25T00:12:22,2.4,2.9,3.2,3.3,65.9,24.3,990,10,1972,False,True,False,False,True,False,False,True,RESPIRATOR,False
2026-08-25T00:12:23,2.4,2.9,3.2,3.3,65.9,24.3,990,10,1980,False,True,False,False,True,False,False,True,RESPIRATOR,False
2026-08-25T00:12:24,2.4,2.9,3.2,3.3,65.9,24.3,990,10,1989,False,True,False,False,True,False,False,True,RESPIRATOR,False
2026-08-25T00:12:25,2.4,2.9,3.2,3.3,65.9,24.3,990,10,1998,False,True,False,False,True,False,False,True,RESPIRATOR,False
2026-08-25T00:12:26,2.4,2.9,3.2,3.3,66.0,24.3,990,10,2007,False,True,False,False,True,False,False,True,RESPIRATOR,False
2026-08-25T00:12:27,2.4,2.9,3.2,3.3,66.1,24.3,990,10,2016,False,True,False,False,True,False,False,True,RESPIRATOR,False
2026-08-25T00:12:28,2.4,2.9,3.2,3.3,66.1,24.4,990,10,2030,False,True,False,False,True,False,False,True,RESPIRATOR,False
2026-08-25T00:12:29,2.4,2.9,3.2,3.3,66.1,24.4,1000,10,2045,False,True,False,False,True,False,False,True,RESPIRATOR,False
2026-08-25T00:12:30,2.4,2.9,3.2,3.3,66.0,24.4,1000,10,2060,False,True,False,False,True,False,False,True,RESPIRATOR,False
2026-08-25T00:12:31,2.4,2.9,3.2,3.3,65.9,24.4,1000,10,2075,False,True,False,False,True,False,False,True,RESPIRATOR,False
2026-08-25T00:12:32,2.5,3.0,3.3,3.5,65.8,24.4,1000,10,2090,False,True,False,False,True,False,False,True,RESPIRATOR,False
2026-08-25T00:12:33,2.5,3.0,3.3,3.5,65.6,24.4,990,10,2098,False,True,False,False,True,False,False,True,RESPIRATOR,False
2026-08-25T00:12:34,2.5,3.0,3.3,3.5,65.5,24.4,990,10,2106,False,True,False,False,True,False,False,True,RESPIRATOR,False
2026-08-25T00:12:35,2.5,3.0,3.3,3.5,65.4,24.4,990,10,2115,False,True,False,False,True,False,False,True,RESPIRATOR,False
2026-08-25T00:12:36,2.5,3.0,3.3,3.5,65.3,24.4,980,10,2123,False,True,False,False,True,False,False,True,RESPIRATOR,False
2026-08-25T00:12:37,2.4,2.9,3.2,3.3,65.2,24.4,980,10,2132,False,True,False,False,True,False,False,True,RESPIRATOR,False
2026-08-25T00:12:38,2.4,2.9,3.2,3.3,65.1,24.4,980,10,2132,False,True,False,False,True,False,False,True,RESPIRATOR,False
2026-08-25T00:12:39,2.4,2.9,3.2,3.3,65.1,24.4,970,10,2132,False,True,False,False,True,False,False,True,RESPIRATOR,False
2026-08-25T00:12:40,2.4,2.9,3.2,3.3,65.1,24.4,970,10,2132,False,True,False,False,True,False,False,True,RESPIRATOR,False
2026-08-25T00:12:41,2.4,2.9,3.2,3.3,65.1,24.4,970,10,2132,False,True,False,False,True,False,False,True,RESPIRATOR,False
2026-08-25T00:12:42,2.4,2.9,3.2,3.3,65.0,24.4,960,10,2132,False,True,False,False,True,False,False,True,RESPIRATOR,False
2026-08-25T00:12:43,2.4,2.9,3.2,3.3,65.0,24.4,960,10,2131,False,True,False,False,True,False,False,True,RESPIRATOR,False
2026-08-25T00:12:44,2.4,2.9,3.2,3.3,65.0,24.4,960,10,2131,False,True,False,False,True,False,False,True,RESPIRATOR,False
2026-08-25T00:12:45,2.4,2.9,3.2,3.3,65.0,24.4,960,10,2131,False,True,False,False,True,False,False,True,RESPIRATOR,False
2026-08-25T00:12:46,2.5,3.0,3.3,3.5,65.0,24.4,960,10,2131,False,True,False,False,True,False,False,True,RESPIRATOR,False
2026-08-25T00:12:47,2.5,3.0,3.3,3.5,65.0,24.4,950,10,2130,False,True,False,False,True,False,False,True,RESPIRATOR,False
2026-08-25T00:12:48,2.5,3.0,3.3,3.5,65.0,24.4,950,10,2130,False,True,False,False,True,False,False,True,RESPIRATOR,False
2026-08-25T00:12:49,2.5,3.0,3.3,3.5,64.9,24.4,950,10,2130,False,True,False,False,True,False,False,True,RESPIRATOR,False
2026-08-25T00:12:50,2.5,3.0,3.3,3.5,64.9,24.4,950,10,2130,False,True,False,False,True,False,False,True,RESPIRATOR,False
2026-08-25T00:12:51,2.5,3.0,3.3,3.5,64.9,24.4,950,10,2130,False,True,False,False,True,False,False,True,RESPIRATOR,False
2026-08-25T00:12:52,2.5,3.0,3.3,3.5,64.9,24.4,950,10,2129,False,True,False,False,True,False,False,True,RESPIRATOR,False
2026-08-25T00:12:53,2.5,3.0,3.3,3.5,64.9,24.4,950,10,2128,False,True,False,False,True,False,False,True,RESPIRATOR,False
2026-08-25T00:12:54,2.5,3.0,3.3,3.5,64.9,24.4,940,10,2127,False,True,False,False,True,False,False,True,RESPIRATOR,False
2026-08-25T00:12:55,2.5,3.0,3.3,3.5,64.9,24.4,940,10,2126,False,True,False,False,True,False,False,True,RESPIRATOR,False
2026-08-25T00:12:56,2.6,3.1,3.4,3.6,64.9,24.4,940,10,2125,False,True,False,False,True,False,False,True,RESPIRATOR,False
2026-08-25T00:12:57,2.6,3.1,3.4,3.6,64.9,24.4,940,10,2123,False,True,False,False,True,False,False,True,RESPIRATOR,False
2026-08-25T00:12:58,2.6,3.1,3.4,3.6,64.9,24.4,940,10,2122,False,True,False,False,True,False,False,True,RESPIRATOR,False
2026-08-25T00:12:59,2.6,3.1,3.4,3.6,64.9,24.4,940,10,2121,False,True,False,False,True,False,False,True,RESPIRATOR,False
2026-08-25T00:13:00,2.6,3.1,3.4,3.6,64.9,24.4,940,10,2120,False,True,False,False,True,False,False,True,RESPIRATOR,False
2026-08-25T00:13:01,2.7,3.2,3.6,3.7,64.9,24.4,940,10,2119,False,True,False,False,True,False,False,True,RESPIRATOR,False
2026-08-25T00:13:02,2.7,3.2,3.6,3.7,64.9,24.4,940,10,2110,False,True,False,False,True,False,False,True,RESPIRATOR,False
2026-08-25T00:13:03,2.7,3.2,3.6,3.7,64.9,24.4,940,10,2101,False,True,False,False,True,False,False,True,RESPIRATOR,False
2026-08-25T00:13:04,2.8,3.3,3.7,3.9,64.9,24.4,940,10,2093,False,True,False,False,True,False,False,True,RESPIRATOR,False
2026-08-25T00:13:05,2.8,3.3,3.7,3.9,64.8,24.4,940,10,2084,False,True,False,False,True,False,False,True,RESPIRATOR,False
2026-08-25T00:13:06,2.8,3.3,3.7,3.9,64.8,24.4,940,10,2076,False,True,False,False,True,False,False,True,RESPIRATOR,False
2026-08-25T00:13:07,2.8,3.3,3.7,3.9,64.8,24.4,950,10,2068,False,True,False,False,True,False,False,True,RESPIRATOR,False
2026-08-25T00:13:08,2.8,3.3,3.7,3.9,64.8,24.4,950,10,2060,False,True,False,False,True,False,False,True,RESPIRATOR,False
2026-08-25T00:13:09,2.9,3.4,3.8,4.0,64.8,24.4,950,10,2052,False,True,False,False,True,False,False,True,RESPIRATOR,False
2026-08-25T00:13:10,2.9,3.4,3.8,4.0,64.8,24.4,950,10,2044,False,True,False,False,True,False,False,True,RESPIRATOR,False
2026-08-25T00:13:11,2.9,3.4,3.8,4.0,64.8,24.4,960,10,2037,False,True,False,False,True,False,False,True,RESPIRATOR,False
2026-08-25T00:13:12,2.9,3.4,3.8,4.0,64.8,24.4,960,10,2025,False,True,False,False,True,False,False,True,RESPIRATOR,False
2026-08-25T00:13:12,2.9,3.4,3.8,4.0,64.8,24.4,960,10,2013,False,True,False,False,True,False,False,True,RESPIRATOR,False
2026-08-25T00:13:13,3.0,3.6,3.9,4.1,64.8,24.4,960,10,2001,False,True,False,False,True,False,False,True,RESPIRATOR,False
2026-08-25T00:13:14,3.0,3.6,3.9,4.1,64.8,24.4,970,10,1989,False,True,False,False,True,False,False,True,RESPIRATOR,False
2026-08-25T00:13:15,3.1,3.7,4.1,4.2,64.8,24.4,970,10,1977,False,True,False,False,True,False,False,True,RESPIRATOR,False
2026-08-25T00:13:16,3.1,3.7,4.1,4.2,64.8,24.4,970,10,1974,False,True,False,False,True,False,False,True,RESPIRATOR,False
2026-08-25T00:13:17,3.1,3.7,4.1,4.2,64.8,24.4,970,10,1972,False,True,False,False,True,False,False,True,RESPIRATOR,False
2026-08-25T00:13:18,3.2,3.8,4.2,4.4,64.8,24.4,970,10,1970,False,True,False,False,True,False,False,True,RESPIRATOR,False
2026-08-25T00:13:19,3.2,3.8,4.2,4.4,64.8,24.4,970,10,1968,False,True,False,False,True,False,False,True,RESPIRATOR,False
2026-08-25T00:13:20,3.2,3.8,4.2,4.4,64.8,24.4,960,10,1966,False,True,False,False,True,False,False,True,RESPIRATOR,False
2026-08-25T00:13:21,3.3,3.9,4.3,4.5,64.8,24.4,960,10,1950,False,True,False,False,True,False,False,True,RESPIRATOR,False
2026-08-25T00:13:22,3.3,3.9,4.3,4.5,64.8,24.4,970,10,1935,False,True,False,False,True,False,False,True,RESPIRATOR,False
2026-08-25T00:13:23,3.3,3.9,4.3,4.5,64.8,24.4,970,10,1920,False,True,False,False,True,False,False,True,RESPIRATOR,False
2026-08-25T00:13:24,3.4,4.0,4.4,4.6,64.8,24.4,970,10,1905,False,True,False,False,True,False,False,True,RESPIRATOR,False
2026-08-25T00:13:25,3.4,4.0,4.4,4.6,64.8,24.4,970,10,1900,False,True,False,False,True,False,False,True,RESPIRATOR,False
2026-08-25T00:13:26,3.4,4.0,4.4,4.6,64.8,24.4,970,10,1896,False,True,False,False,True,False,False,True,RESPIRATOR,False
2026-08-25T00:13:27,3.4,4.1,4.6,4.8,64.8,24.4,970,10,1892,False,True,False,False,True,False,False,True,RESPIRATOR,False
2026-08-25T00:13:28,3.4,4.1,4.6,4.8,64.8,24.4,970,10,1888,False,True,False,False,True,False,False,True,RESPIRATOR,False
2026-08-25T00:13:29,3.4,4.1,4.6,4.8,64.8,24.4,970,10,1884,False,True,False,False,True,False,False,True,RESPIRATOR,False
2026-08-25T00:13:30,3.4,4.1,4.6,4.8,64.8,24.4,970,10,1882,False,True,False,False,True,False,False,True,RESPIRATOR,False
2026-08-25T00:13:31,3.4,4.1,4.6,4.8,64.7,24.4,970,10,1881,False,True,False,False,True,False,False,True,RESPIRATOR,False
2026-08-25T00:13:32,3.4,4.1,4.6,4.8,64.7,24.4,970,10,1880,False,True,False,False,True,False,False,True,RESPIRATOR,False
2026-08-25T00:13:33,3.4,4.1,4.6,4.8,64.7,24.4,970,10,1879,False,True,False,False,True,False,False,True,RESPIRATOR,False
2026-08-25T00:13:34,3.4,4.1,4.6,4.8,64.7,24.4,970,10,1878,False,True,False,False,True,False,False,True,RESPIRATOR,False
2026-08-25T00:13:35,3.4,4.1,4.6,4.8,64.7,24.4,970,10,1870,False,True,False,False,True,False,False,True,RESPIRATOR,False
2026-08-25T00:13:36,3.4,4.1,4.6,4.8,64.7,24.4,970,10,1862,False,True,False,False,True,False,False,True,RESPIRATOR,False
2026-08-25T00:13:37,3.4,4.1,4.6,4.8,64.7,24.4,970,10,1854,False,True,False,False,True,False,False,True,RESPIRATOR,False
2026-08-25T00:13:38,3.4,4.1,4.6,4.8,64.7,24.4,970,10,1846,False,True,False,False,True,False,False,True,RESPIRATOR,False
2026-08-25T00:13:39,3.4,4.1,4.6,4.8,64.7,24.4,970,10,1839,False,True,False,False,True,False,False,True,RESPIRATOR,False
2026-08-25T00:13:40,3.3,4.0,4.4,4.6,64.7,24.4,970,10,1829,False,True,False,False,True,False,False,True,RESPIRATOR,False
2026-08-25T00:13:41,3.3,4.0,4.4,4.6,64.7,24.4,960,10,1819,False,True,False,False,True,False,False,True,RESPIRATOR,False
2026-08-25T00:13:42,3.3,4.0,4.4,4.6,64.7,24.4,960,10,1810,False,True,False,False,True,False,False,True,RESPIRATOR,False
2026-08-25T00:13:43,3.3,4.0,4.4,4.6,64.7,24.4,960,10,1800,False,True,False,False,True,False,False,True,RESPIRATOR,False
2026-08-25T00:13:44,3.3,4.0,4.4,4.6,64.7,24.4,960,10,1791,False,True,False,False,True,False,False,True,RESPIRATOR,False
2026-08-25T00:13:45,3.3,3.9,4.3,4.5,64.7,24.4,960,10,1780,False,True,False,False,True,False,False,True,RESPIRATOR,False
2026-08-25T00:13:46,3.3,3.9,4.3,4.5,64.6,24.4,960,10,1769,False,True,False,False,True,False,False,True,RESPIRATOR,False
2026-08-25T00:13:47,3.3,3.9,4.3,4.5,64.6,24.4,960,10,1759,False,True,False,False,True,False,False,True,RESPIRATOR,False
2026-08-25T00:13:48,3.3,3.9,4.3,4.5,64.6,24.4,960,10,1748,False,True,False,False,True,False,False,True,RESPIRATOR,False
2026-08-25T00:13:49,3.3,3.9,4.3,4.5,64.6,24.4,960,10,1738,False,True,False,False,True,False,False,True,RESPIRATOR,False
2026-08-25T00:13:50,3.3,3.9,4.3,4.5,64.6,24.4,960,10,1733,False,True,False,False,True,False,False,True,RESPIRATOR,False
2026-08-25T00:13:51,3.3,3.9,4.3,4.5,64.6,24.4,970,10,1729,False,True,False,False,True,False,False,True,RESPIRATOR,False
2026-08-25T00:13:52,3.3,3.9,4.3,4.5,64.6,24.4,970,10,1725,False,True,False,False,True,False,False,True,RESPIRATOR,False
2026-08-25T00:13:53,3.3,3.9,4.3,4.5,64.6,24.4,970,10,1721,False,True,False,False,True,False,False,True,RESPIRATOR,False
2026-08-25T00:13:54,3.3,3.9,4.3,4.5,64.6,24.4,970,10,1717,False,True,False,False,True,False,False,True,RESPIRATOR,False
2026-08-25T00:13:55,3.3,3.9,4.3,4.5,64.6,24.4,970,10,1704,False,True,False,False,True,False,False,True,RESPIRATOR,False
2026-08-25T00:13:56,3.2,3.8,4.2,4.4,64.5,24.4,970,10,1691,False,True,False,False,True,False,False,True,RESPIRATOR,False
2026-08-25T00:13:57,3.2,3.8,4.2,4.4,64.5,24.4,970,10,1679,False,True,False,False,True,False,False,True,RESPIRATOR,False
2026-08-25T00:13:58,3.2,3.8,4.2,4.4,64.5,24.4,970,10,1666,False,True,False,False,True,False,False,True,RESPIRATOR,False
2026-08-25T00:13:59,3.1,3.7,4.1,4.2,64.5,24.4,980,10,1654,False,True,False,False,True,False,False,True,RESPIRATOR,False
2026-08-25T00:14:00,3.1,3.7,4.1,4.2,64.5,24.4,980,10,1643,False,True,False,False,True,False,False,True,RESPIRATOR,False
2026-08-25T00:14:01,3.1,3.7,4.1,4.2,64.5,24.4,980,10,1633,False,True,False,False,True,False,False,True,RESPIRATOR,False
2026-08-25T00:14:02,3.1,3.7,4.1,4.2,64.4,24.4,980,10,1622,False,True,False,False,True,False,False,True,RESPIRATOR,False
2026-08-25T00:14:03,3.0,3.6,3.9,4.1,64.4,24.4,980,10,1612,False,True,False,False,True,False,False,True,RESPIRATOR,False
2026-08-25T00:14:04,3.0,3.6,3.9,4.1,64.4,24.4,980,10,1608,False,True,False,False,True,False,False,True,RESPIRATOR,False
2026-08-25T00:14:05,3.0,3.6,3.9,4.1,64.4,24.4,980,10,1604,False,True,False,False,True,False,False,True,RESPIRATOR,False
2026-08-25T00:14:06,3.0,3.6,3.9,4.1,64.4,24.4,980,10,1601,False,True,False,False,True,False,False,True,RESPIRATOR,False
2026-08-25T00:14:07,2.9,3.4,3.8,4.0,64.4,24.4,990,10,1597,False,True,False,False,True,False,False,True,RESPIRATOR,False
2026-08-25T00:14:08,2.9,3.4,3.8,4.0,64.4,24.4,990,10,1594,False,True,False,False,True,False,False,True,RESPIRATOR,False
2026-08-25T00:14:09,2.9,3.4,3.8,4.0,64.4,24.4,990,10,1588,False,True,False,False,True,False,False,True,RESPIRATOR,False
2026-08-25T00:14:10,2.9,3.4,3.8,4.0,64.3,24.4,990,10,1582,False,True,False,False,True,False,False,True,RESPIRATOR,False
2026-08-25T00:14:11,2.9,3.4,3.8,4.0,64.3,24.4,990,10,1577,False,True,False,False,True,False,False,True,RESPIRATOR,False
2026-08-25T00:14:12,2.9,3.4,3.8,4.0,64.3,24.4,990,10,1571,False,True,False,False,True,False,False,True,RESPIRATOR,False
2026-08-25T00:14:13,2.9,3.4,3.8,4.0,64.3,24.4,990,10,1566,False,True,False,False,True,False,False,True,RESPIRATOR,False
2026-08-25T00:14:14,2.9,3.4,3.8,4.0,64.3,24.4,990,10,1564,False,True,False,False,True,False,False,True,RESPIRATOR,False
2026-08-25T00:14:15,2.9,3.4,3.8,4.0,64.3,24.4,990,10,1562,False,True,False,False,True,False,False,True,RESPIRATOR,False
2026-08-25T00:14:16,2.9,3.4,3.8,4.0,64.3,24.4,990,10,1560,False,True,False,False,True,False,False,True,RESPIRATOR,False
2026-08-25T00:14:17,2.9,3.4,3.8,4.0,64.2,24.4,990,10,1558,False,True,False,False,True,False,False,True,RESPIRATOR,False
2026-08-25T00:14:18,2.9,3.4,3.8,4.0,64.2,24.4,990,10,1557,False,True,False,False,True,False,False,True,RESPIRATOR,False
2026-08-25T00:14:19,2.9,3.4,3.8,4.0,64.2,24.4,990,10,1551,False,True,False,False,True,False,False,True,RESPIRATOR,False
2026-08-25T00:14:20,2.9,3.4,3.8,4.0,64.2,24.4,990,10,1546,False,True,False,False,True,False,False,True,RESPIRATOR,False
2026-08-25T00:14:21,2.9,3.4,3.8,4.0,64.2,24.4,990,10,1541,False,True,False,False,True,False,False,True,RESPIRATOR,False
2026-08-25T00:14:22,2.9,3.4,3.8,4.0,64.2,24.4,990,10,1536,False,True,False,False,True,False,False,True,RESPIRATOR,False
2026-08-25T00:14:23,2.9,3.4,3.8,4.0,64.2,24.4,990,10,1531,False,True,False,False,True,False,False,True,RESPIRATOR,False
2026-08-25T00:14:24,2.8,3.3,3.7,3.9,64.1,24.4,990,10,1530,False,True,False,False,True,False,False,True,RESPIRATOR,False
2026-08-25T00:14:25,2.8,3.3,3.7,3.9,64.1,24.4,990,10,1529,False,True,False,False,True,False,False,True,RESPIRATOR,False
2026-08-25T00:14:26,2.8,3.3,3.7,3.9,64.1,24.4,990,10,1529,False,True,False,False,True,False,False,True,RESPIRATOR,False
2026-08-25T00:14:27,2.8,3.3,3.7,3.9,64.1,24.4,990,10,1528,False,True,False,False,True,False,False,True,RESPIRATOR,False
2026-08-25T00:14:28,2.8,3.3,3.7,3.9,64.1,24.4,1000,10,1528,False,True,False,False,True,False,False,True,RESPIRATOR,False
2026-08-25T00:14:29,2.8,3.3,3.7,3.9,64.1,24.4,1000,10,1528,False,True,False,False,True,False,False,True,RESPIRATOR,False
2026-08-25T00:14:30,2.8,3.3,3.7,3.9,64.1,24.4,1000,10,1528,False,True,False,False,True,False,False,True,RESPIRATOR,False
2026-08-25T00:14:31,2.8,3.3,3.7,3.9,64.1,24.4,1010,10,1529,False,True,False,False,True,False,False,True,RESPIRATOR,False
2026-08-25T00:14:32,2.8,3.3,3.7,3.9,64.1,24.4,1010,10,1529,False,True,False,False,True,False,False,True,RESPIRATOR,False
2026-08-25T00:14:33,2.8,3.3,3.7,3.9,64.1,24.4,1010,10,1530,False,True,False,False,True,False,False,True,RESPIRATOR,False
2026-08-25T00:14:34,2.8,3.3,3.7,3.9,64.1,24.4,1010,10,1530,False,True,False,False,True,False,False,True,RESPIRATOR,False
2026-08-25T00:14:35,2.8,3.3,3.7,3.9,64.1,24.4,1010,10,1530,False,True,False,False,True,False,False,True,RESPIRATOR,False
2026-08-25T00:14:36,2.8,3.3,3.7,3.9,64.1,24.4,1010,10,1530,False,True,False,False,True,False,False,True,RESPIRATOR,False
2026-08-25T00:14:37,2.8,3.3,3.7,3.9,64.2,24.4,1020,10,1530,False,True,False,False,True,False,False,True,RESPIRATOR,False
2026-08-25T00:14:38,2.8,3.3,3.7,3.9,64.2,24.4,1020,10,1530,False,True,False,False,True,False,False,True,RESPIRATOR,False
2026-08-25T00:14:39,2.8,3.3,3.7,3.9,64.2,24.4,1020,10,1530,False,True,False,False,True,False,False,True,RESPIRATOR,False
2026-08-25T00:14:40,2.8,3.3,3.7,3.9,64.2,24.4,1020,10,1530,False,True,False,False,True,False,False,True,RESPIRATOR,False
2026-08-25T00:14:41,2.8,3.3,3.7,3.9,64.2,24.4,1020,10,1530,False,True,False,False,True,False,False,True,RESPIRATOR,False
2026-08-25T00:14:42,2.8,3.3,3.7,3.9,64.1,24.4,1020,10,1530,False,True,False,False,True,False,False,True,RESPIRATOR,False
2026-08-25T00:14:43,2.8,3.3,3.7,3.9,64.1,24.4,1020,10,1530,False,True,False,False,True,False,False,True,RESPIRATOR,False
2026-08-25T00:14:44,2.8,3.3,3.7,3.9,64.1,24.4,1020,10,1531,False,True,False,False,True,False,False,True,RESPIRATOR,False
2026-08-25T00:33:48,6553.5,6553.5,6553.5,6553.5,50.8,27.9,0,0,65535,True,False,False,True,False,,,,,
2026-08-25T00:33:49,6553.5,6553.5,6553.5,6553.5,50.8,27.9,0,0,65535,True,False,False,True,False,,,,,
2026-08-25T00:33:50,3.1,3.7,4.1,4.2,50.8,27.9,0,0,65535,False,False,False,True,False,,,,,
2026-08-25T00:33:51,3.1,3.7,4.1,4.2,50.8,27.9,0,0,65535,False,False,False,True,False,,,,,
2026-08-25T00:33:52,3.4,4.0,4.4,4.6,50.8,27.9,0,0,65535,False,False,False,True,False,,,,,
2026-08-25T00:33:53,3.7,4.4,4.8,5.0,50.8,27.9,0,0,1406,False,False,False,False,False,,,,,
2026-08-25T00:33:54,3.9,4.6,5.1,5.3,50.8,27.9,0,0,1406,False,False,False,False,False,,,,,
2026-08-25T00:33:55,3.9,4.7,5.2,5.4,50.8,27.9,0,0,1406,False,False,False,False,False,,,,,
2026-08-25T00:33:56,4.0,4.8,5.3,5.5,50.8,27.9,0,0,1406,False,False,False,False,False,,,,,
2026-08-25T00:33:57,4.0,4.8,5.3,5.5,50.8,27.9,0,0,1406,False,False,False,False,False,,,,,
2026-08-25T00:33:58,4.1,4.8,5.3,5.5,50.8,27.9,0,0,1391,False,False,False,False,False,,,,,
2026-08-25T00:33:59,4.1,4.8,5.3,5.5,50.8,27.9,0,0,1377,False,False,False,False,False,,,,,
2026-08-25T00:34:00,4.1,4.8,5.3,5.5,50.8,27.9,0,0,1362,False,False,False,False,False,,,,,
2026-08-25T00:34:01,4.2,5.0,5.4,5.7,50.8,27.9,0,0,1348,False,False,False,False,False,,,,,
2026-08-25T00:34:02,4.2,5.0,5.4,5.7,50.8,27.9,0,0,1334,False,False,False,False,False,,,,,
2026-08-25T00:34:03,4.3,5.0,5.4,5.7,50.8,27.9,0,0,1330,False,False,False,False,False,,,,,
2026-08-25T00:34:04,4.3,5.0,5.4,5.7,50.8,27.9,0,0,1327,False,False,False,False,False,,,,,
2026-08-25T00:34:05,4.3,5.0,5.4,5.7,50.8,27.9,0,0,1324,False,False,False,False,False,,,,,
2026-08-25T00:34:06,4.3,5.0,5.4,5.7,50.8,27.9,0,0,1321,False,False,False,False,False,,,,,
2026-08-25T00:34:07,4.3,5.0,5.4,5.7,50.8,27.9,0,0,1318,False,False,False,False,False,,,,,
2026-08-25T00:34:08,4.3,5.0,5.4,5.7,50.8,27.9,0,0,1312,False,False,False,False,False,,,,,
2026-08-25T00:34:09,4.3,5.0,5.4,5.7,50.8,27.9,0,0,1307,False,False,False,False,False,,,,,
2026-08-25T00:34:10,4.3,5.0,5.4,5.7,50.8,27.9,0,0,1302,False,False,False,False,False,,,,,
2026-08-25T00:34:11,4.3,5.0,5.4,5.7,50.8,27.9,0,0,1297,False,False,False,False,False,,,,,
2026-08-25T00:34:12,4.2,5.0,5.4,5.7,50.8,27.8,0,0,1292,False,False,False,False,False,,,,,
2026-08-25T00:34:13,4.2,5.0,5.4,5.7,50.8,27.8,0,0,1284,False,False,False,False,False,,,,,
2026-08-25T00:34:14,4.2,5.0,5.4,5.7,50.8,27.8,0,0,1276,False,False,False,False,False,,,,,
2026-08-25T00:34:15,4.2,5.0,5.4,5.7,50.8,27.8,0,0,1269,False,False,False,False,False,,,,,
2026-08-25T00:34:16,4.2,5.0,5.4,5.7,50.8,27.7,0,0,1261,False,False,False,False,False,,,,,
2026-08-25T00:34:17,4.2,5.0,5.4,5.7,50.8,27.6,0,0,1254,False,False,False,False,False,,,,,
2026-08-25T00:34:18,4.1,4.8,5.3,5.5,50.8,27.6,0,0,1254,False,False,False,False,False,,,,,
2026-08-25T00:34:19,4.1,4.8,5.3,5.5,50.8,27.5,0,0,1254,False,False,False,False,False,,,,,
2026-08-25T00:34:20,4.1,4.8,5.3,5.5,50.8,27.4,0,0,1254,False,False,False,False,False,,,,,
2026-08-25T00:34:21,4.0,4.7,5.2,5.4,50.8,27.2,0,0,1254,False,False,False,False,False,,,,,
2026-08-25T00:34:22,4.0,4.7,5.2,5.4,50.9,27.1,0,0,1255,False,False,False,False,False,,,,,
2026-08-25T00:34:23,3.9,4.6,5.1,5.3,50.9,27.0,0,0,1251,False,False,False,False,False,,,,,
2026-08-25T00:34:24,3.9,4.6,5.1,5.3,50.9,26.8,0,0,1247,False,False,False,False,False,,,,,
2026-08-25T00:34:25,3.9,4.6,5.1,5.3,51.0,26.6,0,0,1243,False,False,False,False,False,,,,,
2026-08-25T00:34:26,3.9,4.6,5.1,5.3,51.1,26.5,0,0,1239,False,False,False,False,False,,,,,
2026-08-25T00:34:27,3.9,4.6,5.1,5.3,51.4,26.3,0,0,1239,False,False,False,False,False,,,,,
2026-08-25T00:34:28,3.9,4.6,5.1,5.3,51.8,26.2,0,0,1239,False,False,False,False,False,,,,,
2026-08-25T00:34:29,3.9,4.6,5.1,5.3,52.2,26.0,0,0,1239,False,False,False,False,False,,,,,
2026-08-25T00:34:30,3.9,4.6,5.1,5.3,52.7,25.9,0,0,1239,False,False,False,False,False,,,,,
2026-08-25T00:34:31,3.9,4.6,5.1,5.3,53.1,25.8,0,0,1240,False,False,False,False,False,,,,,
2026-08-25T00:34:32,3.9,4.6,5.1,5.3,53.5,25.6,0,0,1239,False,False,False,False,False,,,,,
2026-08-25T00:34:33,3.9,4.6,5.1,5.3,53.9,25.5,0,0,1239,False,False,False,False,False,,,,,
2026-08-25T00:34:34,3.8,4.5,4.9,5.2,54.3,25.4,690,10,1239,False,True,False,False,False,,,,,
2026-08-25T00:34:35,3.8,4.5,4.9,5.2,54.7,25.3,690,10,1239,False,True,False,False,False,,,,,
2026-08-25T00:34:36,3.8,4.5,4.9,5.2,55.1,25.2,690,10,1239,False,True,False,False,False,,,,,
2026-08-25T00:34:37,3.8,4.5,4.9,5.2,55.5,25.2,690,10,1238,False,True,False,False,True,,,,RESPIRATOR,
2026-08-25T00:34:38,3.8,4.5,4.9,5.2,55.8,25.1,690,10,1238,False,True,False,False,True,,,,RESPIRATOR,
2026-08-25T00:34:39,3.9,4.6,5.1,5.3,56.2,25.0,690,10,1238,False,True,False,False,True,,,,RESPIRATOR,
2026-08-25T00:34:40,3.8,4.6,5.1,5.3,56.5,24.9,690,10,1238,False,True,False,False,True,,,,RESPIRATOR,False
2026-08-25T00:34:41,3.8,4.6,5.1,5.3,56.8,24.9,690,10,1238,False,True,False,False,True,,,,RESPIRATOR,False
2026-08-25T00:34:42,3.8,4.6,5.1,5.3,57.2,24.8,690,10,1238,False,True,False,False,True,,,,RESPIRATOR,False
2026-08-25T00:34:43,3.8,4.6,5.1,5.3,57.5,24.8,690,10,1238,False,True,False,False,True,,,,RESPIRATOR,False
2026-08-25T00:34:44,3.8,4.6,5.1,5.3,57.8,24.7,690,10,1238,False,True,False,False,True,,,,RESPIRATOR,False
2026-08-25T00:34:45,3.8,4.6,5.1,5.3,58.0,24.7,690,10,1238,False,True,False,False,True,,,,RESPIRATOR,False
2026-08-25T00:34:46,3.8,4.6,5.1,5.3,58.3,24.7,690,10,1238,False,True,False,False,True,,,,RESPIRATOR,False
2026-08-25T00:34:47,3.9,4.7,5.2,5.4,58.5,24.6,690,10,1237,False,True,False,False,True,,,,RESPIRATOR,False
2026-08-25T00:34:48,3.9,4.7,5.2,5.4,58.8,24.6,690,10,1237,False,True,False,False,True,,,,RESPIRATOR,False
2026-08-25T00:34:49,4.0,4.8,5.3,5.5,59.0,24.6,690,10,1237,False,True,False,False,True,,,,RESPIRATOR,False
2026-08-25T00:34:50,4.0,4.8,5.3,5.5,59.2,24.6,690,10,1237,False,True,False,False,True,,,,RESPIRATOR,False
2026-08-25T00:34:51,4.1,4.9,5.4,5.7,59.3,24.6,690,10,1237,False,True,False,False,True,,,,RESPIRATOR,False
2026-08-25T00:34:52,4.1,4.9,5.4,5.7,59.5,24.6,690,10,1236,False,True,False,False,True,,,,RESPIRATOR,False
2026-08-25T00:34:53,4.1,4.9,5.4,5.7,59.7,24.5,690,10,1236,False,True,False,False,True,,,,RESPIRATOR,False
2026-08-25T00:34:54,4.1,4.9,5.4,5.7,59.8,24.5,690,10,1235,False,True,False,False,True,,,,RESPIRATOR,False
2026-08-25T00:34:55,4.2,5.0,5.5,5.8,60.0,24.5,690,10,1235,False,True,False,False,True,,,,RESPIRATOR,False
2026-08-25T00:34:56,4.2,5.0,5.5,5.8,60.1,24.5,690,10,1235,False,True,False,False,True,,,,RESPIRATOR,False
2026-08-25T00:34:57,4.2,5.0,5.5,5.8,60.2,24.5,690,10,1234,False,True,False,False,True,,,,RESPIRATOR,False
2026-08-25T00:34:58,4.2,5.0,5.5,5.8,60.3,24.5,690,10,1233,False,True,False,False,True,,,,RESPIRATOR,False
2026-08-25T00:34:59,4.2,5.0,5.5,5.8,60.4,24.6,690,10,1233,False,True,False,False,True,,,,RESPIRATOR,False
2026-08-25T00:35:00,4.3,5.1,5.7,5.9,60.6,24.6,690,10,1232,False,True,False,False,True,,,,RESPIRATOR,False
2026-08-25T00:35:01,4.3,5.1,5.7,5.9,60.7,24.6,690,10,1232,False,True,False,False,True,,,,RESPIRATOR,False
2026-08-25T00:36:04,6553.5,6553.5,6553.5,6553.5,50.8,27.8,0,0,65535,True,False,False,True,False,,,,,
2026-08-25T00:36:05,6553.5,6553.5,6553.5,6553.5,50.8,27.8,0,0,65535,True,False,False,True,False,,,,,
2026-08-25T00:36:06,9.2,10.9,12.0,12.6,50.8,27.8,0,0,65535,False,False,False,True,False,,,,,
2026-08-25T00:36:07,9.0,10.7,11.8,12.3,50.8,27.8,0,0,65535,False,False,False,True,False,,,,,
2026-08-25T00:36:08,8.6,10.2,11.3,11.8,50.8,27.8,0,0,65535,False,False,False,True,False,,,,,
2026-08-25T00:36:09,7.9,9.4,10.4,10.9,50.8,27.8,0,0,1174,False,False,False,False,False,,,,,
2026-08-25T00:36:10,7.2,8.5,9.4,9.8,50.8,27.8,0,0,1174,False,False,False,False,False,,,,,
2026-08-25T00:36:11,7.0,8.3,9.2,9.6,50.8,27.8,0,0,1174,False,False,False,False,False,,,,,
2026-08-25T00:36:12,6.8,8.1,8.9,9.3,50.8,27.8,0,0,1174,False,False,False,False,False,,,,,
2026-08-25T00:36:13,6.6,7.9,8.8,9.2,50.8,27.8,0,0,1174,False,False,False,False,False,,,,,
2026-08-25T00:36:14,6.5,7.8,8.6,9.0,50.8,27.8,0,0,1171,False,False,False,False,False,,,,,
2026-08-25T00:36:15,6.4,7.7,8.5,8.9,50.8,27.8,0,0,1168,False,False,False,False,False,,,,,
2026-08-25T00:36:16,6.3,7.6,8.5,8.9,50.8,27.8,0,0,1165,False,False,False,False,False,,,,,
2026-08-25T00:36:17,6.2,7.5,8.4,8.8,50.8,27.8,0,0,1162,False,False,False,False,False,,,,,
2026-08-25T00:36:18,6.1,7.5,8.4,8.8,50.8,27.8,0,0,1160,False,False,False,False,False,,,,,
2026-08-25T00:36:19,6.0,7.3,8.2,8.7,50.8,27.8,0,0,1159,False,False,False,False,False,,,,,
2026-08-25T00:36:20,5.9,7.3,8.2,8.7,50.8,27.8,0,0,1159,False,False,False,False,False,,,,,
2026-08-25T00:36:21,5.8,7.2,8.1,8.5,50.8,27.8,0,0,1158,False,False,False,False,False,,,,,
2026-08-25T00:36:22,5.8,7.1,8.1,8.5,50.8,27.8,0,0,1158,False,False,False,False,False,,,,,
2026-08-25T00:36:23,5.6,7.0,8.0,8.4,50.8,27.7,0,0,1158,False,False,False,False,False,,,,,
2026-08-25T00:36:24,5.6,7.0,8.0,8.4,50.8,27.7,0,0,1158,False,False,False,False,False,,,,,
2026-08-25T00:36:25,5.5,6.9,7.9,8.4,50.8,27.7,0,0,1158,False,False,False,False,False,,,,,
2026-08-25T00:36:26,5.4,6.8,7.8,8.3,50.8,27.7,0,0,1158,False,False,False,False,False,,,,,
2026-08-25T00:36:27,5.3,6.8,7.8,8.3,50.8,27.6,0,0,1158,False,False,False,False,False,,,,,
2026-08-25T00:36:28,5.3,6.7,7.8,8.3,50.9,27.6,0,0,1159,False,False,False,False,False,,,,,
2026-08-25T00:36:29,5.1,6.6,7.7,8.2,50.9,27.5,0,0,1159,False,False,False,False,False,,,,,
2026-08-25T00:36:30,5.1,6.6,7.7,8.2,50.9,27.4,0,0,1159,False,False,False,False,False,,,,,
2026-08-25T00:36:31,5.1,6.6,7.7,8.2,50.9,27.3,0,0,1159,False,False,False,False,False,,,,,
2026-08-25T00:36:32,5.1,6.6,7.7,8.2,50.9,27.2,0,0,1159,False,False,False,False,False,,,,,
2026-08-25T00:36:33,5.0,6.5,7.5,8.0,50.9,27.1,0,0,1159,False,False,False,False,False,,,,,
2026-08-25T00:36:34,5.0,6.5,7.5,8.0,51.0,27.0,0,0,1161,False,False,False,False,False,,,,,
2026-08-25T00:36:35,5.0,6.5,7.5,8.0,51.1,26.9,0,0,1163,False,False,False,False,False,,,,,
2026-08-25T00:36:36,5.0,6.5,7.5,8.0,51.3,26.7,0,0,1165,False,False,False,False,False,,,,,
2026-08-25T00:36:37,5.0,6.5,7.5,8.0,51.7,26.6,0,0,1167,False,False,False,False,False,,,,,
2026-08-25T00:36:38,5.0,6.5,7.5,8.0,52.0,26.5,0,0,1169,False,False,False,False,False,,,,,
2026-08-25T00:36:39,5.0,6.5,7.5,8.0,52.4,26.3,0,0,1170,False,False,False,False,False,,,,,
2026-08-25T00:36:40,5.0,6.5,7.5,8.0,52.7,26.2,0,0,1172,False,False,False,False,False,,,,,
2026-08-25T00:36:41,5.0,6.5,7.5,8.0,53.1,26.1,0,0,1173,False,False,False,False,False,,,,,
2026-08-25T00:36:42,4.9,6.5,7.5,8.0,53.4,26.0,0,0,1175,False,False,False,False,False,,,,,
2026-08-25T00:36:43,4.9,6.4,7.5,8.0,53.7,25.9,0,0,1175,False,False,False,False,False,,,,,
2026-08-25T00:36:44,4.9,6.4,7.5,8.0,54.0,25.8,0,0,1176,False,False,False,False,False,,,,,
2026-08-25T00:36:45,4.9,6.4,7.5,8.0,54.4,25.7,0,0,1176,False,False,False,False,False,,,,,
2026-08-25T00:36:46,4.9,6.4,7.5,8.0,54.7,25.6,0,0,1177,False,False,False,False,False,,,,,
2026-08-25T00:36:47,4.8,6.3,7.4,7.9,55.0,25.5,0,0,1178,False,False,False,False,False,,,,,
2026-08-25T00:36:48,4.8,6.3,7.4,7.9,55.4,25.4,0,0,1176,False,False,False,False,False,,,,,
2026-08-25T00:36:49,4.8,6.3,7.4,7.9,55.8,25.3,0,0,1175,False,False,False,False,False,,,,,
2026-08-25T00:36:50,4.8,6.3,7.4,7.9,56.1,25.2,620,10,1173,False,True,False,False,False,,,,,
2026-08-25T00:36:51,4.8,6.3,7.4,7.9,56.4,25.2,620,10,1172,False,True,False,False,False,,,,,
2026-08-25T00:36:52,4.8,6.3,7.4,7.9,56.8,25.1,620,10,1171,False,True,False,False,False,,,,,
2026-08-25T00:36:53,4.8,6.3,7.4,7.9,57.1,25.0,620,10,1170,False,True,False,False,True,,,,RESPIRATOR,
2026-08-25T00:36:54,4.8,6.3,7.4,7.9,57.4,25.0,620,10,1170,False,True,False,False,True,,,,RESPIRATOR,
2026-08-25T00:36:55,4.8,6.3,7.4,7.9,57.7,24.9,620,10,1169,False,True,False,False,True,,,,RESPIRATOR,
2026-08-25T00:36:56,4.8,6.3,7.4,7.9,57.9,24.8,620,10,1169,False,True,False,False,True,,,,RESPIRATOR,False
2026-08-25T00:36:57,4.8,6.3,7.4,7.9,58.2,24.8,620,10,1169,False,True,False,False,True,,,,RESPIRATOR,False
2026-08-25T00:36:58,4.7,6.2,7.3,7.8,58.5,24.8,620,10,1168,False,True,False,False,True,,,,RESPIRATOR,False
2026-08-25T00:36:59,4.7,6.2,7.3,7.8,58.7,24.7,620,10,1168,False,True,False,False,True,,,,RESPIRATOR,False
2026-08-25T00:37:00,4.7,6.2,7.3,7.8,58.9,24.7,620,10,1168,False,True,False,False,True,,,,RESPIRATOR,False
2026-08-25T00:37:01,4.6,6.1,7.1,7.7,59.1,24.6,620,10,1168,False,True,False,False,True,,,,RESPIRATOR,False
2026-08-25T00:37:02,4.6,6.1,7.1,7.7,59.3,24.6,620,10,1168,False,True,False,False,True,,,,RESPIRATOR,False
2026-08-25T00:37:03,4.5,6.0,7.0,7.5,59.4,24.6,620,10,1167,False,True,False,False,True,,,,RESPIRATOR,False
2026-08-25T00:37:04,4.5,6.0,7.0,7.5,59.6,24.6,620,10,1167,False,True,False,False,True,,,,RESPIRATOR,False
2026-08-25T00:37:05,4.5,6.0,7.0,7.5,59.7,24.5,620,10,1167,False,True,False,False,True,,,,RESPIRATOR,False
2026-08-25T00:37:06,4.4,5.9,6.9,7.4,59.9,24.5,620,10,1167,False,True,False,False,True,,,,RESPIRATOR,False
2026-08-25T00:37:07,4.4,5.9,6.9,7.4,60.0,24.5,620,10,1167,False,True,False,False,True,,,,RESPIRATOR,False
2026-08-25T00:37:08,4.4,5.9,6.9,7.4,60.2,24.5,620,10,1167,False,True,False,False,True,,,,RESPIRATOR,False
2026-08-25T00:37:09,4.4,5.9,6.9,7.4,60.3,24.5,620,10,1167,False,True,False,False,True,,,,RESPIRATOR,False
2026-08-25T00:37:10,4.5,6.0,7.0,7.5,60.5,24.5,620,10,1167,False,True,False,False,True,,,,RESPIRATOR,False
2026-08-25T00:37:11,4.5,6.0,7.0,7.5,60.6,24.5,620,10,1167,False,True,False,False,True,,,,RESPIRATOR,False
2026-08-25T00:37:12,4.5,6.0,7.0,7.5,60.7,24.5,620,10,1168,False,True,False,False,True,,,,RESPIRATOR,False
2026-08-25T00:37:13,4.5,6.0,7.0,7.5,60.9,24.4,620,10,1168,False,True,False,False,True,,,,RESPIRATOR,False
2026-08-25T00:37:14,4.5,6.0,7.0,7.5,61.0,24.4,620,10,1168,False,True,False,False,True,,,,RESPIRATOR,False
2026-08-25T00:37:15,4.5,6.0,7.0,7.5,61.1,24.4,620,10,1168,False,True,False,False,True,,,,RESPIRATOR,False
2026-08-25T00:37:16,4.5,6.0,7.0,7.5,61.2,24.4,620,10,1168,False,True,False,False,True,,,,RESPIRATOR,False
2026-08-25T00:37:17,4.5,6.0,7.0,7.5,61.3,24.4,620,10,1169,False,True,False,False,True,,,,RESPIRATOR,False
2026-08-25T00:37:18,4.5,6.0,7.0,7.5,61.4,24.4,620,10,1169,False,True,False,False,True,,,,RESPIRATOR,False
2026-08-25T00:37:19,4.5,6.0,7.0,7.5,61.4,24.4,620,10,1169,False,True,False,False,True,,,,RESPIRATOR,False
2026-08-25T00:37:20,4.5,6.0,7.0,7.5,61.5,24.4,620,10,1170,False,True,False,False,True,,,,RESPIRATOR,False
2026-08-25T00:37:21,4.5,6.0,7.0,7.5,61.6,24.4,620,10,1170,False,True,False,False,True,,,,RESPIRATOR,False
2026-08-25T00:37:22,4.5,6.0,7.0,7.5,61.6,24.4,620,10,1169,False,True,False,False,True,,,,RESPIRATOR,False
2026-08-25T00:37:23,4.4,5.9,6.9,7.4,61.7,24.4,620,10,1169,False,True,False,False,True,,,,RESPIRATOR,False
2026-08-25T00:37:24,4.4,5.8,6.9,7.4,61.7,24.4,620,10,1169,False,True,False,False,True,,,,RESPIRATOR,False
2026-08-25T00:37:25,4.4,5.8,6.9,7.4,61.7,24.4,620,10,1169,False,True,False,False,True,,,,RESPIRATOR,False
2026-08-25T00:37:26,4.4,5.8,6.9,7.4,61.8,24.4,620,10,1169,False,True,False,False,True,,,,RESPIRATOR,False
2026-08-25T00:37:27,4.3,5.7,6.8,7.3,61.8,24.4,620,10,1169,False,True,False,False,True,,,,RESPIRATOR,False
2026-08-25T00:37:28,4.3,5.7,6.8,7.3,61.9,24.4,620,10,1169,False,True,False,False,True,,,,RESPIRATOR,False
2026-08-25T00:37:29,4.3,5.7,6.8,7.3,62.0,24.4,620,10,1169,False,True,False,False,True,,,,RESPIRATOR,False
2026-08-25T00:37:30,4.3,5.7,6.8,7.3,62.0,24.4,620,10,1169,False,True,False,False,True,,,,RESPIRATOR,False
2026-08-25T00:37:31,4.3,5.7,6.8,7.3,62.1,24.4,620,10,1170,False,True,False,False,True,,,,RESPIRATOR,False
2026-08-25T00:37:32,4.3,5.7,6.8,7.3,62.2,24.4,620,10,1170,False,True,False,False,True,,,,RESPIRATOR,False
2026-08-25T00:37:33,4.2,5.6,6.6,7.1,62.3,24.4,620,10,1170,False,True,False,False,True,,,,RESPIRATOR,False
2026-08-25T00:37:34,4.2,5.6,6.6,7.1,62.3,24.4,620,10,1171,False,True,False,False,True,,,,RESPIRATOR,False
2026-08-25T00:37:35,4.2,5.6,6.6,7.1,62.4,24.3,620,10,1171,False,True,False,False,True,,,,RESPIRATOR,False
2026-08-25T00:37:36,4.2,5.6,6.6,7.1,62.4,24.3,620,10,1172,False,True,False,False,True,,,,RESPIRATOR,False
2026-08-25T00:37:37,4.1,5.5,6.5,7.0,62.4,24.3,620,10,1172,False,True,False,False,True,,,,RESPIRATOR,False
2026-08-25T00:37:38,4.1,5.5,6.5,7.0,62.4,24.3,620,10,1172,False,True,False,False,True,,,,RESPIRATOR,False
2026-08-25T00:37:39,4.1,5.5,6.5,7.0,62.4,24.3,620,10,1172,False,True,False,False,True,,,,RESPIRATOR,False
2026-08-25T00:37:40,4.1,5.5,6.5,7.0,62.4,24.3,620,10,1172,False,True,False,False,True,,,,RESPIRATOR,False
2026-08-25T00:37:41,4.1,5.4,6.4,6.9,62.4,24.3,620,10,1172,False,True,False,False,True,,,,RESPIRATOR,False
2026-08-25T00:37:42,4.1,5.4,6.4,6.9,62.3,24.3,620,10,1171,False,True,False,False,True,,,,RESPIRATOR,False
2026-08-25T00:37:43,4.1,5.4,6.4,6.9,62.3,24.3,620,10,1171,False,True,False,False,True,,,,RESPIRATOR,False
2026-08-25T00:37:44,4.1,5.4,6.4,6.9,62.3,24.3,620,10,1171,False,True,False,False,True,,,,RESPIRATOR,False
2026-08-25T00:37:45,4.1,5.4,6.4,6.9,62.4,24.3,620,10,1171,False,True,False,False,True,,,,RESPIRATOR,False
2026-08-25T00:37:46,4.1,5.4,6.4,6.9,62.4,24.3,620,10,1171,False,True,False,False,True,,,,RESPIRATOR,False
2026-08-25T00:37:47,4.0,5.4,6.4,6.9,62.5,24.3,620,10,1170,False,True,False,False,True,,,,RESPIRATOR,False
2026-08-25T00:37:48,4.0,5.4,6.4,6.9,62.5,24.3,620,10,1170,False,True,False,False,True,,,,RESPIRATOR,False
2026-08-25T00:37:49,4.0,5.4,6.4,6.9,62.6,24.3,620,10,1170,False,True,False,False,True,,,,RESPIRATOR,False
2026-08-25T00:37:50,4.0,5.4,6.4,6.9,62.7,24.3,620,10,1170,False,True,False,False,True,,,,RESPIRATOR,False
2026-08-25T00:37:51,4.0,5.4,6.4,6.9,62.7,24.3,620,10,1170,False,True,False,False,True,,,,RESPIRATOR,False
2026-08-25T00:37:52,4.0,5.4,6.4,6.9,62.8,24.3,620,10,1170,False,True,False,False,True,,,,RESPIRATOR,False
2026-08-25T00:37:53,4.0,5.4,6.4,6.9,62.8,24.3,620,10,1170,False,True,False,False,True,,,,RESPIRATOR,False
2026-08-25T00:37:54,4.0,5.4,6.4,6.9,62.8,24.3,620,10,1170,False,True,False,False,True,,,,RESPIRATOR,False
2026-08-25T00:37:55,4.0,5.3,6.3,6.7,62.8,24.3,620,10,1170,False,True,False,False,True,,,,RESPIRATOR,False
2026-08-25T00:37:56,4.0,5.3,6.3,6.7,62.9,24.3,620,10,1170,False,True,False,False,True,,,,RESPIRATOR,False
2026-08-25T00:37:57,3.9,5.2,6.2,6.6,62.9,24.3,620,10,1170,False,True,False,False,True,,,,RESPIRATOR,False
2026-08-25T00:37:58,3.9,5.2,6.2,6.6,62.9,24.3,620,10,1171,False,True,False,False,True,,,,RESPIRATOR,False
2026-08-25T00:37:59,3.9,5.2,6.2,6.6,62.8,24.3,620,10,1171,False,True,False,False,True,,,,RESPIRATOR,False
2026-08-25T00:38:00,4.0,5.3,6.3,6.7,62.8,24.3,630,10,1172,False,True,False,False,True,,,,RESPIRATOR,False
2026-08-25T00:38:01,4.0,5.3,6.3,6.7,62.8,24.3,630,10,1171,False,True,False,False,True,,,,RESPIRATOR,False
2026-08-25T00:38:02,4.0,5.3,6.3,6.7,62.8,24.3,630,10,1171,False,True,False,False,True,,,,RESPIRATOR,False
2026-08-25T00:38:03,4.0,5.3,6.3,6.7,62.8,24.3,630,10,1171,False,True,False,False,True,,,,RESPIRATOR,False
2026-08-25T00:38:04,3.9,5.3,6.3,6.7,62.7,24.3,630,10,1171,False,True,False,False,True,,,,RESPIRATOR,False
2026-08-25T00:38:05,4.0,5.4,6.4,6.9,62.7,24.3,630,10,1171,False,True,False,False,True,,,,RESPIRATOR,False
2026-08-25T00:38:06,4.0,5.4,6.4,6.9,62.6,24.3,630,10,1171,False,True,False,False,True,,,,RESPIRATOR,False
2026-08-25T00:38:07,4.0,5.4,6.4,6.9,62.6,24.3,630,10,1171,False,True,False,False,True,,,,RESPIRATOR,False
2026-08-25T00:38:08,4.0,5.4,6.4,6.9,62.5,24.3,630,10,1171,False,True,False,False,True,,,,RESPIRATOR,False
2026-08-25T00:38:09,4.0,5.4,6.4,6.9,62.5,24.3,630,10,1171,False,True,False,False,True,,,,RESPIRATOR,False
2026-08-25T00:38:10,4.1,5.5,6.5,7.0,62.5,24.3,630,10,1171,False,True,False,False,True,,,,RESPIRATOR,False
2026-08-25T00:38:11,4.1,5.5,6.5,7.0,62.4,24.4,630,10,1170,False,True,False,False,True,,,,RESPIRATOR,False
2026-08-25T00:38:12,4.1,5.5,6.5,7.0,62.4,24.4,630,10,1170,False,True,False,False,True,,,,RESPIRATOR,False
2026-08-25T00:38:13,4.1,5.5,6.5,7.0,62.4,24.4,630,10,1169,False,True,False,False,True,,,,RESPIRATOR,False
2026-08-25T00:38:55,6553.5,6553.5,6553.5,6553.5,51.7,27.7,0,0,65535,True,False,False,True,False,,,,,
2026-08-25T00:38:56,6553.5,6553.5,6553.5,6553.5,51.7,27.7,0,0,65535,True,False,False,True,False,,,,,
2026-08-25T00:38:57,0.0,0.0,0.0,0.0,51.7,27.7,0,0,65535,False,False,False,True,False,,,,,
2026-08-25T00:38:58,0.0,0.0,0.0,0.0,51.7,27.7,0,0,65535,False,False,False,True,False,,,,,
2026-08-25T00:38:59,0.2,0.3,0.3,0.3,51.7,27.7,0,0,65535,False,False,False,True,False,,,,,
2026-08-25T00:39:00,1.0,1.2,1.3,1.4,51.7,27.7,0,0,1191,False,False,False,False,False,,,,,
2026-08-25T00:39:01,1.4,1.6,1.8,1.9,51.7,27.7,0,0,1191,False,False,False,False,False,,,,,
2026-08-25T00:39:02,1.5,1.8,1.9,2.0,51.7,27.7,0,0,1191,False,False,False,False,False,,,,,
2026-08-25T00:39:03,1.5,1.8,1.9,2.0,51.7,27.7,0,0,1191,False,False,False,False,False,,,,,
2026-08-25T00:39:04,1.6,1.9,2.1,2.2,51.7,27.7,0,0,1191,False,False,False,False,False,,,,,
2026-08-25T00:39:05,1.6,1.9,2.1,2.2,51.7,27.7,0,0,1178,False,False,False,False,False,,,,,
2026-08-25T00:39:06,1.7,2.0,2.2,2.3,51.7,27.7,0,0,1165,False,False,False,False,False,,,,,
2026-08-25T00:39:07,1.7,2.0,2.2,2.3,51.7,27.7,0,0,1152,False,False,False,False,False,,,,,
2026-08-25T00:39:08,1.8,2.1,2.3,2.4,51.7,27.7,0,0,1139,False,False,False,False,False,,,,,
2026-08-25T00:39:09,1.8,2.1,2.3,2.4,51.7,27.7,0,0,1126,False,False,False,False,False,,,,,
2026-08-25T00:39:10,1.8,2.2,2.4,2.5,51.7,27.7,0,0,1127,False,False,False,False,False,,,,,
2026-08-25T00:39:11,1.9,2.3,2.6,2.7,51.7,27.7,0,0,1128,False,False,False,False,False,,,,,
2026-08-25T00:39:12,1.9,2.3,2.6,2.7,51.7,27.7,0,0,1129,False,False,False,False,False,,,,,
2026-08-25T00:39:13,2.0,2.4,2.7,2.8,51.7,27.7,0,0,1130,False,False,False,False,False,,,,,
2026-08-25T00:39:14,2.0,2.4,2.7,2.8,51.7,27.6,0,0,1131,False,False,False,False,False,,,,,
2026-08-25T00:39:15,2.1,2.5,2.8,2.9,51.7,27.6,0,0,1132,False,False,False,False,False,,,,,
2026-08-25T00:39:16,2.1,2.5,2.8,2.9,51.7,27.6,0,0,1133,False,False,False,False,False,,,,,
2026-08-25T00:39:17,2.2,2.6,2.9,3.1,51.7,27.6,0,0,1134,False,False,False,False,False,,,,,
2026-08-25T00:39:18,2.2,2.7,3.0,3.2,51.7,27.6,0,0,1135,False,False,False,False,False,,,,,
2026-08-25T00:39:19,2.2,2.7,3.0,3.2,51.7,27.6,0,0,1136,False,False,False,False,False,,,,,
2026-08-25T00:39:20,2.3,2.8,3.2,3.3,51.7,27.5,0,0,1137,False,False,False,False,False,,,,,
2026-08-25T00:39:21,2.3,2.8,3.2,3.3,51.7,27.5,0,0,1138,False,False,False,False,False,,,,,
2026-08-25T00:39:22,2.3,2.8,3.2,3.3,51.7,27.5,0,0,1139,False,False,False,False,False,,,,,
2026-08-25T00:39:23,2.4,2.9,3.3,3.5,51.7,27.4,0,0,1140,False,False,False,False,False,,,,,
2026-08-25T00:39:24,2.4,2.9,3.3,3.5,51.7,27.4,0,0,1142,False,False,False,False,False,,,,,
2026-08-25T00:39:25,2.5,3.1,3.4,3.6,51.7,27.3,0,0,1146,False,False,False,False,False,,,,,
2026-08-25T00:39:26,2.5,3.1,3.4,3.6,51.7,27.2,0,0,1150,False,False,False,False,False,,,,,
2026-08-25T00:39:27,2.6,3.2,3.5,3.7,51.8,27.1,0,0,1154,False,False,False,False,False,,,,,
2026-08-25T00:39:28,2.6,3.2,3.5,3.7,51.8,26.9,0,0,1158,False,False,False,False,False,,,,,
2026-08-25T00:39:29,2.7,3.3,3.7,3.9,51.8,26.8,0,0,1162,False,False,False,False,False,,,,,
2026-08-25T00:39:30,2.7,3.3,3.7,3.9,51.8,26.6,0,0,1161,False,False,False,False,False,,,,,
2026-08-25T00:39:31,2.7,3.3,3.7,3.9,51.9,26.5,0,0,1161,False,False,False,False,False,,,,,
2026-08-25T00:39:32,2.8,3.4,3.8,4.0,52.0,26.3,0,0,1161,False,False,False,False,False,,,,,
2026-08-25T00:39:33,2.8,3.4,3.8,4.0,52.2,26.1,0,0,1161,False,False,False,False,False,,,,,
2026-08-25T00:39:34,2.8,3.4,3.8,4.0,52.5,26.0,0,0,1161,False,False,False,False,False,,,,,
2026-08-25T00:39:35,2.9,3.5,3.9,4.1,53.0,25.8,0,0,1162,False,False,False,False,False,,,,,
2026-08-25T00:39:36,2.9,3.6,4.0,4.2,53.4,25.7,0,0,1162,False,False,False,False,False,,,,,
2026-08-25T00:39:37,2.9,3.6,4.0,4.2,53.9,25.6,0,0,1163,False,False,False,False,False,,,,,
2026-08-25T00:39:38,3.0,3.7,4.2,4.4,54.4,25.4,0,0,1164,False,False,False,False,False,,,,,
2026-08-25T00:39:39,3.1,3.8,4.3,4.5,54.8,25.3,0,0,1163,False,False,False,False,False,,,,,
2026-08-25T00:39:40,3.2,3.9,4.4,4.6,55.3,25.2,0,0,1163,False,False,False,False,False,,,,,
2026-08-25T00:39:41,3.3,4.0,4.5,4.8,55.7,25.1,570,10,1162,False,True,False,False,False,,,,,
2026-08-25T00:39:42,3.4,4.2,4.7,4.9,56.2,25.0,570,10,1162,False,True,False,False,False,,,,,
2026-08-25T00:39:43,3.5,4.3,4.8,5.0,56.6,24.9,570,10,1162,False,True,False,False,False,,,,,
2026-08-25T00:39:44,3.6,4.4,4.9,5.2,57.0,24.9,570,10,1162,False,True,False,False,True,False,True,False,RESPIRATOR,True
2026-08-25T00:39:45,3.6,4.4,4.9,5.2,57.4,24.8,570,10,1162,False,True,False,False,True,False,True,False,RESPIRATOR,True
2026-08-25T00:39:46,3.7,4.5,5.0,5.3,57.8,24.7,570,10,1162,False,True,False,False,True,False,False,True,RESPIRATOR,False
2026-08-25T00:39:47,3.8,4.6,5.1,5.4,58.2,24.7,570,10,1162,False,True,False,False,True,False,False,True,RESPIRATOR,False
2026-08-25T00:39:47,3.8,4.6,5.1,5.4,58.6,24.6,570,10,1162,False,True,False,False,True,False,True,True,RESPIRATOR,True
2026-08-25T00:39:49,3.8,4.7,5.3,5.5,58.9,24.6,570,10,1161,False,True,False,False,True,False,False,True,RESPIRATOR,False
2026-08-25T00:39:49,3.9,4.8,5.4,5.7,59.2,24.5,570,10,1161,False,True,False,False,True,False,False,True,RESPIRATOR,False
2026-08-25T00:39:51,4.0,4.9,5.5,5.8,59.5,24.5,570,10,1160,False,True,False,False,True,False,False,True,RESPIRATOR,False
2026-08-25T00:39:51,4.1,5.0,5.6,5.9,59.8,24.5,570,10,1160,False,True,False,False,True,False,False,True,RESPIRATOR,False
2026-08-25T00:39:52,4.2,5.1,5.8,6.1,60.0,24.4,570,10,1160,False,True,False,False,True,False,False,True,RESPIRATOR,False
2026-08-25T00:39:53,4.3,5.2,5.9,6.2,60.2,24.4,570,10,1160,False,True,False,False,True,False,False,True,RESPIRATOR,False
2026-08-25T00:39:54,4.4,5.4,6.0,6.3,60.4,24.4,570,10,1160,False,True,False,False,True,False,False,True,RESPIRATOR,False
2026-08-25T00:39:55,4.5,5.5,6.1,6.5,60.6,24.3,570,10,1160,False,True,False,False,True,False,False,True,RESPIRATOR,False
2026-08-25T00:39:56,4.6,5.7,6.4,6.7,60.8,24.3,570,10,1160,False,True,False,False,True,False,False,True,RESPIRATOR,False
2026-08-25T00:39:57,4.6,5.7,6.4,6.7,60.9,24.3,570,10,1160,False,True,False,False,True,False,False,True,RESPIRATOR,False
2026-08-25T00:39:58,4.7,5.8,6.5,6.8,61.1,24.3,570,10,1159,False,True,False,False,True,False,False,True,RESPIRATOR,False
2026-08-25T00:39:59,4.7,5.8,6.5,6.8,61.2,24.2,570,10,1159,False,True,False,False,True,False,False,True,RESPIRATOR,False
2026-08-25T00:40:00,4.7,5.8,6.5,6.8,61.4,24.2,570,10,1159,False,True,False,False,True,False,False,True,RESPIRATOR,False
2026-08-25T00:40:01,4.8,5.9,6.6,7.0,61.5,24.2,570,10,1159,False,True,False,False,True,False,False,True,RESPIRATOR,False
2026-08-25T00:40:02,4.8,5.9,6.6,7.0,61.6,24.2,570,10,1159,False,True,False,False,True,False,False,True,RESPIRATOR,False
2026-08-25T00:40:03,4.9,6.0,6.7,7.1,61.7,24.1,570,10,1159,False,True,False,False,True,False,False,True,RESPIRATOR,False
2026-08-25T00:40:04,4.9,6.0,6.7,7.1,61.8,24.1,570,10,1159,False,True,False,False,True,False,False,True,RESPIRATOR,False
2026-08-25T00:40:05,5.0,6.1,6.9,7.2,61.9,24.1,570,10,1159,False,True,False,False,True,False,False,True,RESPIRATOR,False
2026-08-25T00:40:06,5.1,6.2,7.0,7.4,62.0,24.1,570,10,1159,False,True,False,False,True,False,False,True,RESPIRATOR,False
2026-08-25T00:40:07,5.2,6.3,7.1,7.5,62.1,24.1,570,10,1160,False,True,False,False,True,False,False,True,RESPIRATOR,False
2026-08-25T00:40:08,5.2,6.3,7.1,7.5,62.2,24.1,570,10,1159,False,True,False,False,True,False,False,True,RESPIRATOR,False
2026-08-25T00:40:09,5.2,6.3,7.1,7.5,62.3,24.1,570,10,1159,False,True,False,False,True,True,False,False,RESPIRATOR,False
2026-08-25T00:40:10,5.2,6.4,7.2,7.6,62.3,24.0,570,10,1158,False,True,False,False,True,False,True,False,RESPIRATOR,True
2026-08-25T00:40:11,5.2,6.4,7.2,7.6,62.4,24.0,570,10,1158,False,True,False,False,True,True,False,False,RESPIRATOR,False
2026-08-25T00:40:12,5.2,6.4,7.2,7.6,62.4,24.0,570,10,1158,False,True,False,False,True,True,False,False,RESPIRATOR,False
2026-08-25T00:40:13,5.2,6.4,7.2,7.6,62.5,24.0,570,10,1158,False,True,False,False,True,True,False,False,RESPIRATOR,False
2026-08-25T00:40:14,5.2,6.4,7.2,7.6,62.6,24.0,570,10,1158,False,True,False,False,True,True,False,False,RESPIRATOR,False
2026-08-25T00:40:15,5.2,6.4,7.2,7.6,62.7,23.9,570,10,1158,False,True,False,False,True,False,False,True,RESPIRATOR,False
2026-08-25T00:40:16,5.2,6.4,7.2,7.6,62.7,23.9,570,10,1159,False,True,False,False,True,False,False,True,RESPIRATOR,False
2026-08-25T00:40:17,5.2,6.4,7.2,7.6,62.8,23.9,570,10,1158,False,True,False,False,True,True,False,True,RESPIRATOR,False
2026-08-25T00:40:18,5.2,6.4,7.2,7.6,62.9,23.9,570,10,1158,False,True,False,False,True,True,False,True,RESPIRATOR,False
2026-08-25T00:40:19,5.2,6.4,7.2,7.6,63.0,23.9,570,10,1157,False,True,False,False,True,False,False,True,RESPIRATOR,False
2026-08-25T00:40:20,5.2,6.4,7.2,7.6,63.1,23.9,570,10,1157,False,True,False,False,True,False,False,True,RESPIRATOR,False
2026-08-25T00:40:21,5.2,6.4,7.2,7.6,63.2,23.8,570,10,1157,False,True,False,False,True,False,False,True,RESPIRATOR,False
2026-08-25T00:40:22,5.2,6.4,7.2,7.6,63.3,23.8,570,10,1156,False,True,False,False,True,False,False,True,RESPIRATOR,False
2026-08-25T00:40:23,5.2,6.4,7.2,7.6,63.4,23.8,570,10,1156,False,True,False,False,True,False,False,True,RESPIRATOR,False
2026-08-25T00:40:24,5.2,6.4,7.2,7.6,63.5,23.8,570,10,1155,False,True,False,False,True,False,False,True,RESPIRATOR,False
2026-08-25T00:40:25,5.2,6.4,7.2,7.6,63.5,23.8,570,10,1155,False,True,False,False,True,False,False,True,RESPIRATOR,False
2026-08-25T00:40:26,5.2,6.4,7.2,7.6,63.6,23.8,570,10,1155,False,True,False,False,True,True,False,False,RESPIRATOR,False
2026-08-25T00:40:27,5.1,6.3,7.1,7.5,63.7,23.8,570,10,1155,False,True,False,False,True,False,True,False,RESPIRATOR,True
2026-08-25T00:40:28,5.1,6.3,7.1,7.5,63.7,23.7,570,10,1155,False,True,False,False,True,False,True,False,RESPIRATOR,True
2026-08-25T00:40:29,5.1,6.3,7.1,7.5,63.8,23.7,570,10,1155,False,True,False,False,True,False,False,True,RESPIRATOR,False
2026-08-25T00:40:30,5.1,6.3,7.1,7.5,63.8,23.7,570,10,1155,False,True,False,False,True,False,False,True,RESPIRATOR,False
2026-08-25T00:40:31,5.1,6.3,7.1,7.5,63.8,23.7,570,10,1155,False,True,False,False,True,False,False,True,RESPIRATOR,False
2026-08-25T00:40:32,5.0,6.2,7.0,7.4,63.9,23.7,570,10,1155,False,True,False,False,True,False,False,True,RESPIRATOR,False
2026-08-25T00:40:33,5.0,6.2,7.0,7.4,63.9,23.7,570,10,1155,False,True,False,False,True,False,False,True,RESPIRATOR,False
2026-08-25T00:40:34,5.0,6.2,7.0,7.4,63.9,23.7,570,10,1155,False,True,False,False,True,False,True,False,RESPIRATOR,True
2026-08-25T00:40:35,5.0,6.2,7.0,7.4,64.0,23.7,580,10,1155,False,True,False,False,True,False,False,True,RESPIRATOR,False
2026-08-25T00:40:36,5.1,6.3,7.1,7.5,64.0,23.7,580,10,1155,False,True,False,False,True,False,False,True,RESPIRATOR,False
2026-08-25T00:40:37,5.1,6.3,7.1,7.5,64.0,23.7,580,10,1154,False,True,False,False,True,False,False,True,RESPIRATOR,False
2026-08-25T00:40:38,5.1,6.3,7.1,7.5,64.0,23.7,580,10,1154,False,True,False,False,True,False,False,True,RESPIRATOR,False
2026-08-25T00:40:39,5.1,6.3,7.1,7.5,64.0,23.7,580,10,1154,False,True,False,False,True,False,False,True,RESPIRATOR,False
2026-08-25T00:40:40,5.1,6.3,7.1,7.5,64.0,23.7,580,10,1154,False,True,False,False,True,False,False,True,RESPIRATOR,False
2026-08-25T00:40:41,5.2,6.4,7.2,7.6,64.1,23.7,580,10,1154,False,True,False,False,True,False,True,False,RESPIRATOR,True
2026-08-25T00:40:42,5.2,6.4,7.2,7.6,64.1,23.7,580,10,1154,False,True,False,False,True,False,False,True,RESPIRATOR,False
2026-08-25T00:40:43,5.2,6.4,7.2,7.6,64.1,23.7,580,10,1154,False,True,False,False,True,False,True,True,RESPIRATOR,True
2026-08-25T00:40:44,5.2,6.4,7.2,7.6,64.1,23.7,580,10,1154,False,True,False,False,True,False,True,True,RESPIRATOR,True
2026-08-25T00:40:45,5.2,6.4,7.2,7.6,64.1,23.7,580,10,1154,False,True,False,False,True,False,True,True,RESPIRATOR,True
2026-08-25T00:40:46,5.2,6.4,7.2,7.6,64.2,23.7,580,10,1154,False,True,False,False,True,False,True,True,RESPIRATOR,True
2026-08-25T00:40:47,5.2,6.4,7.2,7.6,64.2,23.7,580,10,1154,False,True,False,False,True,False,False,True,RESPIRATOR,False
2026-08-25T00:40:48,5.2,6.4,7.2,7.6,64.2,23.7,580,10,1154,False,True,False,False,True,False,False,True,RESPIRATOR,False
2026-08-25T00:40:49,5.1,6.4,7.2,7.6,64.2,23.6,580,10,1154,False,True,False,False,True,False,True,True,RESPIRATOR,True
2026-08-25T00:40:50,5.1,6.4,7.2,7.6,64.3,23.6,580,10,1154,False,True,False,False,True,False,False,True,RESPIRATOR,False
2026-08-25T00:40:51,5.1,6.4,7.2,7.6,64.3,23.6,580,10,1154,False,True,False,False,True,False,False,True,RESPIRATOR,False
2026-08-25T00:40:52,5.0,6.3,7.1,7.5,64.3,23.6,580,10,1154,False,True,False,False,True,False,True,False,RESPIRATOR,True
2026-08-25T00:40:53,5.0,6.3,7.1,7.5,64.4,23.6,580,10,1154,False,True,False,False,True,False,True,False,RESPIRATOR,True
2026-08-25T00:40:54,5.0,6.3,7.1,7.5,64.4,23.6,580,10,1154,False,True,False,False,True,True,False,False,RESPIRATOR,False
2026-08-25T00:40:55,5.0,6.3,7.1,7.5,64.4,23.6,580,10,1154,False,True,False,False,True,True,False,False,RESPIRATOR,False
2026-08-25T00:40:56,5.0,6.3,7.1,7.5,64.4,23.6,580,10,1153,False,True,False,False,True,True,False,False,RESPIRATOR,False
2026-08-25T00:40:57,5.0,6.3,7.1,7.5,64.4,23.6,580,10,1152,False,True,False,False,True,True,False,False,RESPIRATOR,False
2026-08-25T00:40:58,5.0,6.3,7.1,7.5,64.4,23.6,580,10,1151,False,True,False,False,True,True,False,False,RESPIRATOR,False
2026-08-25T00:40:59,5.0,6.3,7.1,7.5,64.5,23.6,580,10,1150,False,True,False,False,True,True,False,False,RESPIRATOR,False
2026-08-25T00:41:00,5.0,6.3,7.1,7.5,64.5,23.6,580,10,1150,False,True,False,False,True,False,True,False,RESPIRATOR,True
2026-08-25T00:41:01,5.0,6.3,7.1,7.5,64.5,23.6,580,10,1150,False,True,False,False,True,False,True,False,RESPIRATOR,True
2026-08-25T00:41:02,5.0,6.3,7.1,7.5,64.5,23.6,580,10,1150,False,True,False,False,True,False,True,False,RESPIRATOR,True
2026-08-25T00:41:03,5.0,6.3,7.1,7.5,64.5,23.6,580,10,1150,False,True,False,False,True,False,True,False,RESPIRATOR,True
2026-08-25T00:41:04,5.0,6.2,7.1,7.5,64.5,23.6,580,10,1150,False,True,False,False,True,False,True,False,RESPIRATOR,False
2026-08-25T00:41:05,5.0,6.2,7.1,7.5,64.5,23.6,580,10,1150,False,True,False,False,True,False,True,False,RESPIRATOR,False
2026-08-25T00:41:06,5.0,6.2,7.1,7.5,64.5,23.6,590,10,1150,False,True,False,False,True,False,True,False,RESPIRATOR,False
2026-08-25T00:41:07,5.0,6.2,7.1,7.5,64.5,23.6,590,10,1151,False,True,False,False,True,False,True,False,RESPIRATOR,False
2026-08-25T00:41:08,5.0,6.2,7.1,7.5,64.5,23.6,590,10,1151,False,True,False,False,True,False,True,False,RESPIRATOR,False
2026-08-25T00:41:09,5.0,6.2,7.1,7.5,64.6,23.6,590,10,1152,False,True,False,False,True,False,False,True,RESPIRATOR,False
2026-08-25T00:41:10,5.0,6.2,7.1,7.5,64.6,23.6,590,10,1153,False,True,False,False,True,False,False,True,RESPIRATOR,False
2026-08-25T00:41:11,5.0,6.2,7.1,7.5,64.6,23.6,590,10,1152,False,True,False,False,True,False,False,True,RESPIRATOR,False
2026-08-25T00:41:12,5.0,6.2,7.1,7.5,64.6,23.6,590,10,1152,False,True,False,False,True,False,False,True,RESPIRATOR,False
2026-08-25T00:41:13,4.9,6.1,7.0,7.4,64.6,23.6,590,10,1151,False,True,False,False,True,False,False,True,RESPIRATOR,False
2026-08-25T00:41:14,4.9,6.1,7.0,7.4,64.6,23.6,590,10,1151,False,True,False,False,True,False,False,True,RESPIRATOR,False
2026-08-25T00:41:15,4.9,6.1,7.0,7.4,64.6,23.6,590,10,1151,False,True,False,False,True,False,False,True,RESPIRATOR,False
2026-08-25T00:41:16,4.9,6.1,7.0,7.4,64.6,23.7,590,10,1151,False,True,False,False,True,False,False,True,RESPIRATOR,False
2026-08-25T00:41:17,4.8,6.0,6.9,7.3,64.6,23.7,590,10,1151,False,True,False,False,True,False,False,True,RESPIRATOR,False
2026-08-25T00:41:18,4.8,6.0,6.9,7.3,64.6,23.7,590,10,1151,False,True,False,False,True,True,False,False,RESPIRATOR,False
2026-08-25T00:41:19,4.8,6.0,6.9,7.3,64.6,23.7,590,10,1151,False,True,False,False,True,True,False,False,RESPIRATOR,False
2026-08-25T00:41:20,4.8,6.0,6.9,7.3,64.6,23.7,590,10,1151,False,True,False,False,True,True,False,False,RESPIRATOR,False
2026-08-25T00:41:21,4.7,5.9,6.7,7.1,64.6,23.7,590,10,1150,False,True,False,False,True,True,False,False,RESPIRATOR,False
2026-08-25T00:41:22,4.7,5.9,6.7,7.1,64.6,23.7,590,10,1150,False,True,False,False,True,True,False,False,RESPIRATOR,False
2026-08-25T00:41:23,4.7,5.9,6.7,7.1,64.6,23.7,590,10,1150,False,True,False,False,True,True,False,False,RESPIRATOR,False
2026-08-25T00:41:24,4.6,5.8,6.6,7.0,64.6,23.7,590,10,1150,False,True,False,False,True,False,True,False,RESPIRATOR,True
2026-08-25T00:41:25,4.6,5.8,6.6,7.0,64.6,23.7,590,10,1150,False,True,False,False,True,False,True,False,RESPIRATOR,True
2026-08-25T00:41:26,4.6,5.8,6.6,7.0,64.6,23.7,590,10,1150,False,True,False,False,True,False,False,True,RESPIRATOR,False
2026-08-25T00:41:27,4.7,5.9,6.7,7.1,64.6,23.7,590,10,1150,False,True,False,False,True,False,False,True,RESPIRATOR,False
2026-08-25T00:41:28,4.6,5.8,6.6,7.0,64.6,23.7,590,10,1150,False,True,False,False,True,False,False,True,RESPIRATOR,False
2026-08-25T00:41:29,4.7,5.9,6.7,7.1,64.5,23.7,600,10,1150,False,True,False,False,True,False,False,True,RESPIRATOR,False
2026-08-25T00:41:30,4.6,5.8,6.6,7.0,64.5,23.7,600,10,1150,False,True,False,False,True,False,False,True,RESPIRATOR,False
2026-08-25T00:41:31,4.6,5.8,6.6,7.0,64.5,23.7,600,10,1150,False,True,False,False,True,False,False,True,RESPIRATOR,False
2026-08-25T00:41:32,4.6,5.8,6.6,7.0,64.5,23.7,600,10,1151,False,True,False,False,True,False,False,True,RESPIRATOR,False
2026-08-25T00:41:33,4.6,5.8,6.6,7.0,64.5,23.7,600,10,1151,False,True,False,False,True,False,False,True,RESPIRATOR,False
2026-08-25T00:41:34,4.6,5.8,6.6,7.0,64.4,23.7,600,10,1152,False,True,False,False,True,False,False,True,RESPIRATOR,False
2026-08-25T00:41:35,4.6,5.8,6.6,7.0,64.4,23.7,600,10,1151,False,True,False,False,True,False,False,True,RESPIRATOR,False
2026-08-25T00:41:36,4.6,5.8,6.6,7.0,64.4,23.8,600,10,1150,False,True,False,False,True,False,False,True,RESPIRATOR,False
2026-08-25T00:41:37,4.6,5.8,6.6,7.0,64.4,23.8,600,10,1150,False,True,False,False,True,True,False,False,RESPIRATOR,False
2026-08-25T00:41:38,4.7,5.9,6.7,7.1,64.4,23.8,600,10,1149,False,True,False,False,True,True,False,False,RESPIRATOR,False
2026-08-25T00:41:39,4.7,5.9,6.7,7.1,64.4,23.8,600,10,1149,False,True,False,False,True,False,True,False,RESPIRATOR,True
2026-08-25T00:41:40,4.8,6.0,6.8,7.3,64.4,23.8,600,10,1148,False,True,False,False,True,False,True,False,RESPIRATOR,True
2026-08-25T00:41:41,4.8,6.0,6.8,7.3,64.4,23.8,600,10,1148,False,True,False,False,True,False,True,False,RESPIRATOR,True
2026-08-25T00:41:42,4.9,6.1,7.0,7.4,64.4,23.8,600,10,1148,False,True,False,False,True,False,True,False,RESPIRATOR,True
2026-08-25T00:41:43,4.9,6.1,7.0,7.4,64.4,23.8,600,10,1148,False,True,False,False,True,False,True,False,RESPIRATOR,True
2026-08-25T00:41:44,4.9,6.2,7.1,7.5,64.4,23.8,600,10,1148,False,True,False,False,True,False,True,False,RESPIRATOR,True
2026-08-25T00:41:45,4.9,6.2,7.1,7.5,64.4,23.8,600,10,1148,False,True,False,False,True,False,True,False,RESPIRATOR,True
2026-08-25T00:41:46,5.0,6.3,7.2,7.6,64.4,23.8,600,10,1148,False,True,False,False,True,False,False,True,RESPIRATOR,False
2026-08-25T00:41:47,5.0,6.3,7.2,7.6,64.4,23.8,610,10,1148,False,True,False,False,True,False,False,True,RESPIRATOR,False
2026-08-25T00:41:48,5.1,6.4,7.3,7.8,64.4,23.8,610,10,1148,False,True,False,False,True,False,False,True,RESPIRATOR,False
2026-08-25T00:41:49,5.1,6.4,7.3,7.8,64.3,23.8,610,10,1148,False,True,False,False,True,False,False,True,RESPIRATOR,False
2026-08-25T00:41:50,5.1,6.4,7.3,7.8,64.3,23.8,610,10,1147,False,True,False,False,True,True,False,True,RESPIRATOR,False
2026-08-25T00:41:51,5.1,6.4,7.3,7.8,64.3,23.9,610,10,1147,False,True,False,False,True,True,False,True,RESPIRATOR,False
2026-08-25T00:41:52,5.1,6.4,7.3,7.8,64.2,23.9,610,10,1147,False,True,False,False,True,True,False,True,RESPIRATOR,False
2026-08-25T00:41:53,5.1,6.4,7.3,7.8,64.2,23.9,610,10,1147,False,True,False,False,True,True,False,True,RESPIRATOR,False
2026-08-25T00:41:54,5.1,6.4,7.3,7.8,64.1,23.9,610,10,1147,False,True,False,False,True,True,False,False,RESPIRATOR,False
2026-08-25T00:41:55,5.1,6.4,7.3,7.8,64.1,23.9,610,10,1146,False,True,False,False,True,False,True,False,RESPIRATOR,True
2026-08-25T00:41:56,5.1,6.4,7.3,7.8,64.0,23.9,610,10,1146,False,True,False,False,True,False,False,True,RESPIRATOR,False
2026-08-25T00:41:57,5.1,6.4,7.3,7.8,64.0,23.9,610,10,1145,False,True,False,False,True,False,False,True,RESPIRATOR,False
2026-08-25T00:41:58,5.1,6.4,7.3,7.8,64.0,23.9,610,10,1145,False,True,False,False,True,False,False,True,RESPIRATOR,False
2026-08-25T00:41:59,5.1,6.4,7.3,7.8,63.9,23.9,610,10,1145,False,True,False,False,True,False,True,False,RESPIRATOR,True
2026-08-25T00:42:00,5.2,6.5,7.5,7.9,63.9,23.9,610,10,1145,False,True,False,False,True,False,True,False,RESPIRATOR,True
2026-08-25T00:42:01,5.2,6.5,7.5,7.9,63.8,23.9,610,10,1145,False,True,False,False,True,False,True,False,RESPIRATOR,True
2026-08-25T00:42:02,5.2,6.5,7.5,7.9,63.8,23.9,620,10,1146,False,True,False,False,True,False,True,False,RESPIRATOR,True
2026-08-25T00:42:03,5.2,6.5,7.5,7.9,63.8,23.9,620,10,1146,False,True,False,False,True,False,True,False,RESPIRATOR,True
2026-08-25T00:42:04,5.2,6.5,7.5,7.9,63.8,23.9,620,10,1146,False,True,False,False,True,False,True,False,RESPIRATOR,True
2026-08-25T00:42:05,5.2,6.5,7.5,7.9,63.8,23.9,620,10,1146,False,True,False,False,True,False,True,False,RESPIRATOR,True
2026-08-25T00:42:06,5.2,6.5,7.5,7.9,63.7,23.9,620,10,1146,False,True,False,False,True,False,True,False,RESPIRATOR,True
2026-08-25T00:42:07,5.2,6.5,7.5,7.9,63.7,23.9,620,10,1146,False,True,False,False,True,False,True,False,RESPIRATOR,True
2026-08-25T00:42:08,5.2,6.5,7.5,7.9,63.7,23.9,620,10,1146,False,True,False,False,True,True,False,False,RESPIRATOR,False
2026-08-25T00:42:09,5.2,6.5,7.5,7.9,63.7,23.9,620,10,1145,False,True,False,False,True,True,False,False,RESPIRATOR,False
2026-08-25T00:42:10,5.2,6.5,7.5,7.9,63.7,23.8,620,10,1145,False,True,False,False,True,True,False,False,RESPIRATOR,False
2026-08-25T00:42:11,5.2,6.5,7.5,7.9,63.7,23.8,620,10,1145,False,True,False,False,True,True,False,False,RESPIRATOR,False
2026-08-25T00:42:12,5.2,6.5,7.5,7.9,63.7,23.8,620,10,1145,False,True,False,False,True,True,False,False,RESPIRATOR,False
2026-08-25T00:42:13,5.1,6.5,7.5,7.9,63.7,23.8,620,10,1145,False,True,False,False,True,False,True,False,RESPIRATOR,True
2026-08-25T00:42:14,5.1,6.5,7.5,7.9,63.7,23.8,620,10,1145,False,True,False,False,True,False,True,False,RESPIRATOR,True
2026-08-25T00:42:15,5.1,6.5,7.5,7.9,63.7,23.8,620,10,1145,False,True,False,False,True,False,True,False,RESPIRATOR,True
2026-08-25T00:42:16,5.1,6.5,7.5,7.9,63.7,23.8,620,10,1145,False,True,False,False,True,False,True,False,RESPIRATOR,True
2026-08-25T00:42:17,5.1,6.5,7.5,7.9,63.7,23.8,620,10,1145,False,True,False,False,True,False,False,True,RESPIRATOR,False
2026-08-25T00:42:18,5.1,6.5,7.5,7.9,63.7,23.8,630,10,1146,False,True,False,False,True,False,False,True,RESPIRATOR,False
2026-08-25T00:42:19,5.2,6.6,7.6,8.0,63.7,23.8,630,10,1146,False,True,False,False,True,False,False,True,RESPIRATOR,False
2026-08-25T00:42:20,5.2,6.6,7.6,8.0,63.7,23.8,630,10,1146,False,True,False,False,True,False,False,True,RESPIRATOR,False
2026-08-25T00:42:21,5.2,6.6,7.6,8.0,63.8,23.8,630,10,1147,False,True,False,False,True,False,False,True,RESPIRATOR,False
2026-08-25T00:42:22,5.2,6.6,7.6,8.0,63.8,23.8,630,10,1147,False,True,False,False,True,False,False,True,RESPIRATOR,False
2026-08-25T00:42:23,5.2,6.6,7.6,8.0,63.8,23.8,630,10,1148,False,True,False,False,True,False,False,True,RESPIRATOR,False
2026-08-25T00:42:24,5.2,6.6,7.6,8.0,63.8,23.8,630,10,1148,False,True,False,False,True,False,False,True,RESPIRATOR,False
2026-08-25T00:42:25,5.2,6.6,7.6,8.0,63.8,23.8,630,10,1148,False,True,False,False,True,False,False,True,RESPIRATOR,False
2026-08-25T00:42:26,5.2,6.6,7.6,8.0,63.8,23.8,630,10,1149,False,True,False,False,True,True,False,True,RESPIRATOR,False
2026-08-25T00:42:27,5.2,6.6,7.6,8.0,63.9,23.8,630,10,1149,False,True,False,False,True,True,False,False,RESPIRATOR,False
2026-08-25T00:42:28,5.2,6.6,7.6,8.0,63.9,23.8,630,10,1150,False,True,False,False,True,True,False,False,RESPIRATOR,False
2026-08-25T00:42:29,5.2,6.6,7.6,8.0,63.9,23.8,630,10,1150,False,True,False,False,True,False,False,True,RESPIRATOR,False
2026-08-25T00:42:30,5.2,6.6,7.6,8.0,63.9,23.8,630,10,1150,False,True,False,False,True,True,False,False,RESPIRATOR,False
2026-08-25T00:42:31,5.2,6.6,7.6,8.0,64.0,23.8,630,10,1150,False,True,False,False,True,False,False,True,RESPIRATOR,False
2026-08-25T00:42:32,5.2,6.6,7.6,8.0,64.0,23.7,630,10,1150,False,True,False,False,True,False,True,False,RESPIRATOR,True
2026-08-25T00:42:33,5.2,6.6,7.6,8.0,64.1,23.7,630,10,1150,False,True,False,False,True,False,True,False,RESPIRATOR,True
2026-08-25T00:42:34,5.2,6.6,7.6,8.0,64.1,23.7,630,10,1149,False,True,False,False,True,False,True,False,RESPIRATOR,True
2026-08-25T00:42:35,5.2,6.6,7.6,8.0,64.2,23.7,630,10,1149,False,True,False,False,True,False,True,False,RESPIRATOR,True
2026-08-25T00:42:36,5.2,6.6,7.6,8.0,64.3,23.7,630,10,1149,False,True,False,False,True,False,True,False,RESPIRATOR,True
2026-08-25T00:42:37,5.2,6.6,7.6,8.0,64.3,23.7,640,10,1149,False,True,False,False,True,False,True,False,RESPIRATOR,True
2026-08-25T00:42:38,5.2,6.6,7.6,8.0,64.4,23.7,640,10,1149,False,True,False,False,True,False,True,False,RESPIRATOR,True
2026-08-25T00:42:39,5.2,6.6,7.6,8.0,64.4,23.7,640,10,1148,False,True,False,False,True,False,True,False,RESPIRATOR,True
2026-08-25T00:42:40,5.2,6.6,7.6,8.0,64.4,23.8,640,10,1148,False,True,False,False,True,False,True,True,RESPIRATOR,True
2026-08-25T00:42:41,5.3,6.7,7.7,8.2,64.4,23.8,640,10,1148,False,True,False,False,True,False,False,True,RESPIRATOR,False
2026-08-25T00:42:42,5.3,6.7,7.7,8.2,64.4,23.8,640,10,1148,False,True,False,False,True,False,False,True,RESPIRATOR,False
2026-08-25T00:42:43,5.3,6.7,7.7,8.2,64.4,23.8,640,10,1147,False,True,False,False,True,True,False,False,RESPIRATOR,False
2026-08-25T00:42:44,5.3,6.7,7.7,8.2,64.4,23.8,640,10,1147,False,True,False,False,True,True,False,False,RESPIRATOR,False
2026-08-25T00:42:45,5.3,6.8,7.8,8.3,64.4,23.8,640,10,1146,False,True,False,False,True,False,False,True,RESPIRATOR,False
2026-08-25T00:42:46,5.3,6.8,7.8,8.3,64.3,23.8,640,10,1146,False,True,False,False,True,True,False,True,RESPIRATOR,False
2026-08-25T00:42:47,5.3,6.8,7.8,8.3,64.3,23.8,640,10,1146,False,True,False,False,True,True,False,True,RESPIRATOR,False
2026-08-25T00:42:48,5.3,6.8,7.8,8.3,64.3,23.8,640,10,1145,False,True,False,False,True,True,False,False,RESPIRATOR,False
2026-08-25T00:42:49,5.3,6.8,7.8,8.3,64.2,23.8,640,10,1145,False,True,False,False,True,True,False,True,RESPIRATOR,False
2026-08-25T00:42:50,5.3,6.8,7.8,8.3,64.2,23.8,640,10,1145,False,True,False,False,True,True,False,True,RESPIRATOR,False
2026-08-25T00:42:51,5.3,6.8,7.8,8.3,64.2,23.8,640,10,1145,False,True,False,False,True,True,False,True,RESPIRATOR,False
2026-08-25T00:42:52,5.3,6.8,7.8,8.3,64.2,23.8,650,10,1145,False,True,False,False,True,True,False,False,RESPIRATOR,False
2026-08-25T00:42:53,5.3,6.8,7.8,8.3,64.3,23.8,650,10,1144,False,True,False,False,True,True,False,False,RESPIRATOR,False
2026-08-25T00:42:54,5.3,6.8,7.8,8.3,64.3,23.8,650,10,1144,False,True,False,False,True,False,False,True,RESPIRATOR,False
2026-08-25T00:42:55,5.2,6.7,7.7,8.2,64.3,23.9,650,10,1144,False,True,False,False,True,True,False,True,RESPIRATOR,False
2026-08-25T00:42:56,5.2,6.7,7.7,8.2,64.3,23.9,650,10,1144,False,True,False,False,True,True,False,True,RESPIRATOR,False
2026-08-25T00:42:57,5.2,6.7,7.7,8.2,64.3,23.9,650,10,1144,False,True,False,False,True,True,False,True,RESPIRATOR,False
2026-08-25T00:42:58,5.2,6.6,7.6,8.0,64.3,23.9,650,10,1144,False,True,False,False,True,True,False,True,RESPIRATOR,False
2026-08-25T00:42:59,5.2,6.6,7.6,8.0,64.2,23.9,650,10,1144,False,True,False,False,True,True,False,False,RESPIRATOR,False
2026-08-25T00:43:00,5.1,6.5,7.4,7.9,64.2,23.9,650,10,1144,False,True,False,False,True,True,False,False,RESPIRATOR,False
2026-08-25T00:43:01,5.1,6.5,7.4,7.9,64.2,23.9,650,10,1144,False,True,False,False,True,True,False,True,RESPIRATOR,False
2026-08-25T00:43:02,5.0,6.4,7.3,7.8,64.2,23.9,650,10,1144,False,True,False,False,True,True,False,False,RESPIRATOR,False
2026-08-25T00:43:03,5.0,6.4,7.3,7.8,64.1,23.9,660,10,1143,False,True,False,False,True,True,False,False,RESPIRATOR,False
2026-08-25T00:43:04,4.9,6.3,7.2,7.6,64.1,23.9,660,10,1143,False,True,False,False,True,True,False,False,RESPIRATOR,False
2026-08-25T00:43:05,4.9,6.3,7.2,7.6,64.1,23.9,660,10,1142,False,True,False,False,True,True,False,True,RESPIRATOR,False
2026-08-25T00:43:06,4.8,6.1,7.1,7.5,64.1,23.9,660,10,1142,False,True,False,False,True,True,False,True,RESPIRATOR,False
2026-08-25T00:43:07,4.8,6.1,7.1,7.5,64.0,23.9,660,10,1142,False,True,False,False,True,False,False,True,RESPIRATOR,False
2026-08-25T00:43:08,4.7,6.0,6.9,7.4,64.0,23.9,660,10,1142,False,True,False,False,True,True,False,False,RESPIRATOR,False
2026-08-25T00:43:09,4.7,6.0,6.9,7.4,64.0,23.9,660,10,1142,False,True,False,False,True,True,False,True,RESPIRATOR,False
2026-08-25T00:43:10,4.6,5.9,6.8,7.3,64.0,23.9,660,10,1142,False,True,False,False,True,True,False,False,RESPIRATOR,False
2026-08-25T00:43:11,4.6,5.9,6.8,7.3,63.9,23.9,660,10,1142,False,True,False,False,True,True,False,False,RESPIRATOR,False
2026-08-25T00:43:12,4.5,5.8,6.7,7.1,63.9,23.9,660,10,1143,False,True,False,False,True,True,False,False,RESPIRATOR,False
2026-08-25T00:43:13,4.5,5.8,6.7,7.1,63.9,23.9,670,10,1143,False,True,False,False,True,True,False,False,RESPIRATOR,False
2026-08-25T00:43:14,4.5,5.8,6.7,7.1,63.9,23.9,670,10,1143,False,True,False,False,True,True,False,False,RESPIRATOR,False
2026-08-25T00:43:15,4.5,5.8,6.7,7.1,63.9,23.9,670,10,1144,False,True,False,False,True,True,False,True,RESPIRATOR,False
2026-08-25T00:43:16,4.5,5.7,6.6,7.0,63.9,23.9,670,10,1144,False,True,False,False,True,False,False,True,RESPIRATOR,False
2026-08-25T00:43:17,4.5,5.7,6.6,7.0,63.9,23.9,670,10,1145,False,True,False,False,True,False,False,True,RESPIRATOR,False
2026-08-25T00:43:18,4.5,5.7,6.6,7.0,63.9,23.9,670,10,1145,False,True,False,False,True,False,False,True,RESPIRATOR,False
2026-08-25T00:43:19,4.5,5.7,6.6,7.0,63.9,24.0,670,10,1145,False,True,False,False,True,True,False,True,RESPIRATOR,False
2026-08-25T00:43:20,4.5,5.7,6.6,7.0,63.9,24.0,670,10,1145,False,True,False,False,True,False,False,True,RESPIRATOR,False
2026-08-25T00:43:21,4.5,5.7,6.6,7.0,63.9,24.0,680,10,1145,False,True,False,False,True,True,False,False,RESPIRATOR,False
2026-08-25T00:43:22,4.5,5.7,6.6,7.0,63.9,24.0,680,10,1144,False,True,False,False,True,False,False,True,RESPIRATOR,False
2026-08-25T00:43:23,4.4,5.6,6.4,6.9,63.8,24.0,680,10,1144,False,True,False,False,True,True,False,True,RESPIRATOR,False
2026-08-25T00:43:24,4.5,5.7,6.6,7.0,63.8,24.0,680,10,1143,False,True,False,False,True,True,False,False,RESPIRATOR,False
2026-08-25T00:43:25,4.5,5.7,6.6,7.0,63.8,24.0,680,10,1143,False,True,False,False,True,True,False,False,RESPIRATOR,False
2026-08-25T00:43:26,4.5,5.7,6.6,7.0,63.7,24.0,680,10,1143,False,True,False,False,True,True,False,False,RESPIRATOR,False
2026-08-25T00:43:27,4.5,5.7,6.6,7.0,63.7,24.0,690,10,1142,False,True,False,False,True,True,False,False,RESPIRATOR,False
2026-08-25T00:43:28,4.5,5.8,6.7,7.1,63.7,24.0,690,10,1142,False,True,False,False,True,True,False,False,RESPIRATOR,False
2026-08-25T00:43:29,4.5,5.8,6.7,7.1,63.6,24.0,690,10,1142,False,True,False,False,True,True,False,False,RESPIRATOR,False
2026-08-25T00:43:30,4.5,5.8,6.7,7.1,63.6,24.0,690,10,1142,False,True,False,False,True,True,False,False,RESPIRATOR,False
2026-08-25T00:43:31,4.5,5.8,6.7,7.1,63.5,24.0,690,10,1142,False,True,False,False,True,True,False,False,RESPIRATOR,False
2026-08-25T00:43:32,4.5,5.8,6.7,7.1,63.5,24.0,690,10,1141,False,True,False,False,True,True,False,False,RESPIRATOR,False
2026-08-25T00:43:33,4.6,5.9,6.8,7.3,63.5,24.0,690,10,1141,False,True,False,False,True,True,False,False,RESPIRATOR,False
2026-08-25T00:43:34,4.6,5.9,6.8,7.3,63.4,24.0,690,10,1141,False,True,False,False,True,True,False,False,RESPIRATOR,False
2026-08-25T00:43:35,4.6,5.9,6.8,7.3,63.4,24.0,700,10,1141,False,True,False,False,True,True,False,False,RESPIRATOR,False
2026-08-25T00:43:36,4.6,5.9,6.8,7.3,63.3,24.0,700,10,1141,False,True,False,False,True,True,False,True,RESPIRATOR,False
2026-08-25T00:43:37,4.6,5.9,6.8,7.3,63.3,24.0,700,10,1140,False,True,False,False,True,True,False,True,RESPIRATOR,False
2026-08-25T00:43:38,4.6,5.9,6.8,7.3,63.3,24.0,700,10,1140,False,True,False,False,True,True,False,False,RESPIRATOR,False
2026-08-25T00:43:39,4.6,5.9,6.8,7.3,63.3,24.0,700,10,1140,False,True,False,False,True,True,False,False,RESPIRATOR,False
2026-08-25T00:43:40,4.7,6.0,6.9,7.4,63.3,24.0,700,10,1140,False,True,False,False,True,False,False,True,RESPIRATOR,False
2026-08-25T00:43:41,4.7,6.0,6.9,7.4,63.2,24.0,700,10,1140,False,True,False,False,True,False,True,False,RESPIRATOR,True
2026-08-25T00:43:42,4.7,6.0,6.9,7.4,63.2,24.0,700,10,1140,False,True,False,False,True,False,True,False,RESPIRATOR,True
2026-08-25T00:43:43,4.7,6.0,6.9,7.4,63.2,24.0,700,10,1140,False,True,False,False,True,False,True,False,RESPIRATOR,True
2026-08-25T00:43:44,4.7,6.0,6.9,7.4,63.2,24.0,700,10,1140,False,True,False,False,True,False,True,False,RESPIRATOR,True
2026-08-25T00:43:45,4.7,6.0,6.9,7.4,63.2,24.0,700,10,1140,False,True,False,False,True,False,True,False,RESPIRATOR,True
2026-08-25T00:43:46,4.8,6.1,7.1,7.5,63.2,24.0,710,10,1140,False,True,False,False,True,False,True,False,RESPIRATOR,True
2026-08-25T00:43:47,4.8,6.1,7.1,7.5,63.2,24.0,710,10,1140,False,True,False,False,True,False,True,False,RESPIRATOR,True
2026-08-25T00:43:48,4.8,6.1,7.1,7.5,63.1,24.0,710,10,1140,False,True,False,False,True,False,True,False,RESPIRATOR,True
2026-08-25T00:43:49,4.7,6.0,6.9,7.4,63.1,24.0,710,10,1140,False,True,False,False,True,False,True,False,RESPIRATOR,True
2026-08-25T00:43:50,4.7,6.0,6.9,7.4,63.1,24.0,710,10,1140,False,True,False,False,True,False,True,False,RESPIRATOR,True
2026-08-25T00:43:51,4.7,6.0,6.9,7.4,63.1,24.0,710,10,1140,False,True,False,False,True,True,False,False,RESPIRATOR,False
2026-08-25T00:43:52,4.7,6.0,6.9,7.4,63.1,24.0,710,10,1139,False,True,False,False,True,True,False,False,RESPIRATOR,False
2026-08-25T00:43:53,4.6,5.9,6.8,7.3,63.1,24.0,710,10,1138,False,True,False,False,True,True,False,False,RESPIRATOR,False
2026-08-25T00:43:54,4.6,5.9,6.8,7.3,63.0,24.0,710,10,1137,False,True,False,False,True,True,False,False,RESPIRATOR,False
2026-08-25T00:43:55,4.6,5.9,6.8,7.3,63.0,24.0,710,10,1136,False,True,False,False,True,True,True,False,RESPIRATOR,True
2026-08-25T00:43:56,4.5,5.8,6.7,7.1,63.0,24.1,710,10,1136,False,True,False,False,True,True,False,False,RESPIRATOR,False
2026-08-25T00:43:57,4.5,5.8,6.7,7.1,63.0,24.1,710,10,1136,False,True,False,False,True,True,False,False,RESPIRATOR,False
2026-08-25T00:43:58,4.5,5.8,6.7,7.1,63.0,24.1,710,10,1136,False,True,False,False,True,True,False,False,RESPIRATOR,False
2026-08-25T00:43:59,4.5,5.8,6.7,7.1,62.9,24.1,710,10,1137,False,True,False,False,True,False,True,False,RESPIRATOR,True
2026-08-25T00:44:00,4.4,5.7,6.6,7.0,62.9,24.1,710,10,1137,False,True,False,False,True,False,True,False,RESPIRATOR,True
2026-08-25T00:44:01,4.4,5.7,6.6,7.0,62.9,24.1,710,10,1137,False,True,False,False,True,True,False,False,RESPIRATOR,False
2026-08-25T00:44:02,4.3,5.6,6.4,6.9,62.9,24.1,710,10,1137,False,True,False,False,True,False,True,False,RESPIRATOR,True
2026-08-25T00:44:03,4.3,5.6,6.4,6.9,62.9,24.1,710,10,1137,False,True,False,False,True,False,True,False,RESPIRATOR,True
2026-08-25T00:44:04,4.3,5.6,6.4,6.9,62.8,24.1,710,10,1137,False,True,False,False,True,False,True,False,RESPIRATOR,True
2026-08-25T00:44:05,4.3,5.6,6.4,6.9,62.8,24.1,710,10,1138,False,True,False,False,True,False,True,False,RESPIRATOR,True
2026-08-25T00:44:06,4.3,5.6,6.4,6.9,62.8,24.1,710,10,1138,False,True,False,False,True,True,False,False,RESPIRATOR,False
2026-08-25T00:44:07,4.3,5.6,6.4,6.9,62.8,24.1,710,10,1138,False,True,False,False,True,False,True,False,RESPIRATOR,True
2026-08-25T00:44:08,4.3,5.6,6.4,6.9,62.8,24.1,710,10,1138,False,True,False,False,True,False,True,False,RESPIRATOR,True
2026-08-25T00:44:09,4.3,5.6,6.4,6.9,62.8,24.1,720,10,1138,False,True,False,False,True,False,True,False,RESPIRATOR,True
2026-08-25T00:44:10,4.4,5.7,6.6,7.0,62.8,24.1,720,10,1139,False,True,False,False,True,False,True,False,RESPIRATOR,True
2026-08-25T00:44:11,4.4,5.7,6.6,7.0,62.8,24.1,720,10,1138,False,True,False,False,True,False,False,True,RESPIRATOR,False
2026-08-25T00:44:12,4.4,5.7,6.6,7.0,62.8,24.1,720,10,1138,False,True,False,False,True,False,False,True,RESPIRATOR,False
2026-08-25T00:44:13,4.5,5.8,6.7,7.1,62.8,24.1,720,10,1138,False,True,False,False,True,False,False,True,RESPIRATOR,False
2026-08-25T00:44:14,4.5,5.8,6.7,7.1,62.8,24.1,720,10,1138,False,True,False,False,True,False,True,False,RESPIRATOR,True
2026-08-25T00:44:15,4.6,5.9,6.8,7.3,62.8,24.1,720,10,1138,False,True,False,False,True,False,True,False,RESPIRATOR,True
2026-08-25T00:44:16,4.6,5.9,6.8,7.3,62.8,24.1,720,10,1137,False,True,False,False,True,False,True,False,RESPIRATOR,True
2026-08-25T00:44:17,4.6,5.9,6.8,7.3,62.8,24.1,720,10,1137,False,True,False,False,True,True,False,False,RESPIRATOR,False
2026-08-25T00:44:18,4.7,6.0,6.9,7.4,62.8,24.1,720,10,1136,False,True,False,False,True,True,False,False,RESPIRATOR,False
2026-08-25T00:44:19,4.7,6.0,6.9,7.4,62.8,24.1,720,10,1136,False,True,False,False,True,True,False,False,RESPIRATOR,False
2026-08-25T00:44:20,4.7,6.0,6.9,7.4,62.8,24.1,720,10,1136,False,True,False,False,True,True,False,False,RESPIRATOR,False
2026-08-25T00:44:21,4.7,6.0,6.9,7.4,62.8,24.1,720,10,1136,False,True,False,False,True,True,False,False,RESPIRATOR,False
2026-08-25T00:44:22,4.7,6.0,6.9,7.4,62.8,24.1,720,10,1136,False,True,False,False,True,True,False,False,RESPIRATOR,False
2026-08-25T00:44:23,4.7,6.0,6.9,7.4,62.9,24.1,720,10,1136,False,True,False,False,True,True,False,False,RESPIRATOR,False
2026-08-25T00:44:24,4.7,6.0,6.9,7.4,62.9,24.1,720,10,1136,False,True,False,False,True,True,False,False,RESPIRATOR,False
2026-08-25T00:44:25,4.8,6.1,7.1,7.5,63.0,24.1,720,10,1136,False,True,False,False,True,True,True,False,RESPIRATOR,True
2026-08-25T00:44:26,4.8,6.1,7.1,7.5,63.0,24.1,720,10,1136,False,True,False,False,True,True,False,False,RESPIRATOR,False
2026-08-25T00:44:27,4.8,6.1,7.1,7.5,63.0,24.1,720,10,1136,False,True,False,False,True,True,False,True,RESPIRATOR,False
2026-08-25T00:44:28,4.8,6.1,7.1,7.5,63.0,24.1,720,10,1136,False,True,False,False,True,True,False,False,RESPIRATOR,False
2026-08-25T00:44:29,4.8,6.1,7.1,7.5,63.0,24.1,720,10,1136,False,True,False,False,True,True,False,False,RESPIRATOR,False
2026-08-25T00:44:30,4.8,6.1,7.1,7.5,63.0,24.1,720,10,1136,False,True,False,False,True,True,False,False,RESPIRATOR,False
2026-08-25T00:44:31,4.8,6.1,7.1,7.5,63.1,24.1,720,10,1135,False,True,False,False,True,True,False,False,RESPIRATOR,False
2026-08-25T00:44:32,4.8,6.1,7.1,7.5,63.1,24.1,720,10,1135,False,True,False,False,True,True,False,True,RESPIRATOR,False
2026-08-25T00:44:33,4.7,6.0,6.9,7.4,63.1,24.1,730,10,1134,False,True,False,False,True,True,False,True,RESPIRATOR,False
2026-08-25T00:44:34,4.7,6.0,6.9,7.4,63.1,24.1,730,10,1134,False,True,False,False,True,True,False,False,RESPIRATOR,False
2026-08-25T00:44:35,4.7,6.0,6.9,7.4,63.1,24.1,730,10,1134,False,True,False,False,True,False,False,True,RESPIRATOR,False
2026-08-25T00:44:36,4.7,6.0,6.9,7.4,63.2,24.1,730,10,1134,False,True,False,False,True,True,False,True,RESPIRATOR,False
2026-08-25T00:44:37,4.7,6.0,6.9,7.4,63.2,24.1,730,10,1134,False,True,False,False,True,True,False,False,RESPIRATOR,False
2026-08-25T00:44:38,4.7,6.0,6.9,7.4,63.2,24.1,730,10,1135,False,True,False,False,True,False,False,True,RESPIRATOR,False
2026-08-25T00:44:39,4.6,5.9,6.8,7.3,63.2,24.1,730,10,1135,False,True,False,False,True,False,True,False,RESPIRATOR,True
2026-08-25T00:44:40,4.6,5.9,6.8,7.3,63.3,24.1,730,10,1135,False,True,False,False,True,False,True,False,RESPIRATOR,True
2026-08-25T00:44:41,4.6,5.9,6.8,7.3,63.3,24.1,730,10,1135,False,True,False,False,True,False,False,True,RESPIRATOR,False
2026-08-25T00:44:42,4.6,5.9,6.8,7.3,63.3,24.1,730,10,1136,False,True,False,False,True,True,False,False,RESPIRATOR,False
2026-08-25T00:44:43,4.6,5.9,6.8,7.3,63.3,24.1,730,10,1136,False,True,False,False,True,True,False,False,RESPIRATOR,False
2026-08-25T00:44:44,4.6,5.9,6.8,7.3,63.2,24.1,730,10,1137,False,True,False,False,True,False,False,True,RESPIRATOR,False
2026-08-25T00:44:44,4.6,5.9,6.8,7.3,63.2,24.1,730,10,1136,False,True,False,False,True,False,False,True,RESPIRATOR,False
2026-08-25T00:44:46,4.6,5.9,6.8,7.3,63.2,24.1,740,10,1136,False,True,False,False,True,False,True,False,RESPIRATOR,True
2026-08-25T00:44:46,4.6,5.9,6.8,7.3,63.2,24.1,740,10,1136,False,True,False,False,True,False,True,False,RESPIRATOR,True
2026-08-25T00:44:47,4.6,5.9,6.8,7.3,63.1,24.1,740,10,1136,False,True,False,False,True,False,True,False,RESPIRATOR,True
2026-08-25T00:44:48,4.6,5.9,6.8,7.3,63.1,24.1,740,10,1136,False,True,False,False,True,True,False,False,RESPIRATOR,False
2026-08-25T00:44:49,4.5,5.8,6.7,7.1,63.1,24.1,740,10,1136,False,True,False,False,True,True,False,False,RESPIRATOR,False
2026-08-25T00:44:50,4.5,5.8,6.7,7.1,63.0,24.1,740,10,1136,False,True,False,False,True,True,False,False,RESPIRATOR,False
2026-08-25T00:44:51,4.5,5.8,6.7,7.1,63.0,24.1,740,10,1136,False,True,False,False,True,True,False,False,RESPIRATOR,False
2026-08-25T00:44:52,4.5,5.8,6.7,7.1,63.0,24.1,740,10,1136,False,True,False,False,True,True,False,False,RESPIRATOR,False
2026-08-25T00:44:53,4.5,5.8,6.7,7.1,63.0,24.1,740,10,1136,False,True,False,False,True,False,True,False,RESPIRATOR,True
2026-08-25T00:44:54,4.5,5.8,6.7,7.1,63.0,24.1,740,10,1135,False,True,False,False,True,False,True,False,RESPIRATOR,True
2026-08-25T00:44:55,4.5,5.8,6.7,7.1,63.0,24.1,740,10,1134,False,True,False,False,True,False,True,False,RESPIRATOR,True
2026-08-25T00:44:56,4.5,5.8,6.7,7.1,63.0,24.1,740,10,1134,False,True,False,False,True,False,True,False,RESPIRATOR,True
2026-08-25T00:44:57,4.6,5.9,6.8,7.3,63.0,24.1,740,10,1133,False,True,False,False,True,False,True,False,RESPIRATOR,True
2026-08-25T00:44:58,4.6,5.9,6.8,7.3,63.0,24.1,740,10,1133,False,True,False,False,True,False,True,False,RESPIRATOR,True
2026-08-25T00:44:59,4.6,5.9,6.8,7.3,63.0,24.1,740,10,1132,False,True,False,False,True,False,True,False,RESPIRATOR,True
2026-08-25T00:45:00,4.6,5.9,6.8,7.3,63.0,24.1,740,10,1132,False,True,False,False,True,False,True,False,RESPIRATOR,True
2026-08-25T00:45:01,4.6,5.9,6.8,7.3,63.0,24.1,740,10,1131,False,True,False,False,True,False,True,False,RESPIRATOR,True
2026-08-25T00:45:02,4.6,6.0,6.9,7.4,63.0,24.1,740,10,1131,False,True,False,False,True,False,True,False,RESPIRATOR,True
2026-08-25T00:45:03,4.6,6.0,6.9,7.4,62.9,24.1,740,10,1131,False,True,False,False,True,False,True,False,RESPIRATOR,True
2026-08-25T00:45:04,4.7,6.1,7.0,7.5,62.9,24.1,740,10,1130,False,True,False,False,True,False,True,False,RESPIRATOR,True
2026-08-25T00:45:05,4.7,6.1,7.0,7.5,62.9,24.1,740,10,1130,False,True,False,False,True,False,True,False,RESPIRATOR,True
2026-08-25T00:45:06,4.7,6.1,7.0,7.5,62.9,24.1,740,10,1130,False,True,False,False,True,False,True,False,RESPIRATOR,True
2026-08-25T00:45:07,4.7,6.1,7.0,7.5,62.9,24.1,740,10,1130,False,True,False,False,True,False,False,True,RESPIRATOR,False
2026-08-25T00:45:08,4.8,6.2,7.2,7.7,62.9,24.1,750,10,1130,False,True,False,False,True,False,False,True,RESPIRATOR,False
2026-08-25T00:45:09,4.8,6.2,7.2,7.7,62.8,24.1,750,10,1130,False,True,False,False,True,False,False,True,RESPIRATOR,False
2026-08-25T00:45:10,4.8,6.2,7.2,7.7,62.8,24.1,750,10,1130,False,True,False,False,True,False,False,True,RESPIRATOR,False
2026-08-25T00:45:11,4.9,6.3,7.3,7.8,62.8,24.1,750,10,1131,False,True,False,False,True,False,False,True,RESPIRATOR,False
2026-08-25T00:45:12,4.9,6.3,7.3,7.8,62.8,24.1,750,10,1131,False,True,False,False,True,True,False,False,RESPIRATOR,False
2026-08-25T00:45:13,4.9,6.3,7.3,7.8,62.8,24.1,750,10,1132,False,True,False,False,True,True,False,False,RESPIRATOR,False
2026-08-25T00:45:14,4.9,6.3,7.3,7.8,62.8,24.1,750,10,1131,False,True,False,False,True,True,False,False,RESPIRATOR,False
2026-08-25T00:45:15,4.9,6.3,7.3,7.8,62.8,24.1,750,10,1131,False,True,False,False,True,True,False,True,RESPIRATOR,False
2026-08-25T00:45:16,4.9,6.3,7.3,7.8,62.8,24.1,750,10,1131,False,True,False,False,True,True,False,False,RESPIRATOR,False
2026-08-25T00:45:17,4.9,6.3,7.3,7.8,62.8,24.1,750,10,1131,False,True,False,False,True,True,False,False,RESPIRATOR,False
2026-08-25T00:45:18,4.9,6.3,7.3,7.8,62.8,24.1,750,10,1131,False,True,False,False,True,True,False,False,RESPIRATOR,False
2026-08-25T00:45:19,4.9,6.3,7.3,7.8,62.8,24.1,750,10,1131,False,True,False,False,True,True,False,False,RESPIRATOR,False
2026-08-25T00:45:20,5.0,6.4,7.4,7.9,62.8,24.1,750,10,1131,False,True,False,False,True,True,False,True,RESPIRATOR,False
2026-08-25T00:45:21,5.0,6.4,7.4,7.9,62.8,24.1,750,10,1131,False,True,False,False,True,True,False,True,RESPIRATOR,False
2026-08-25T00:45:22,4.9,6.3,7.3,7.8,62.8,24.1,750,10,1131,False,True,False,False,True,True,False,True,RESPIRATOR,False
2026-08-25T00:45:23,4.9,6.3,7.3,7.8,62.8,24.1,750,10,1131,False,True,False,False,True,True,False,False,RESPIRATOR,False
2026-08-25T00:45:24,4.9,6.3,7.3,7.8,62.8,24.1,750,10,1131,False,True,False,False,True,True,False,True,RESPIRATOR,False
2026-08-25T00:45:25,4.9,6.3,7.3,7.8,62.8,24.1,750,10,1131,False,True,False,False,True,False,False,True,RESPIRATOR,False
2026-08-25T00:45:26,4.9,6.3,7.3,7.8,62.8,24.1,750,10,1131,False,True,False,False,True,True,False,True,RESPIRATOR,False
2026-08-25T00:45:27,4.8,6.2,7.2,7.7,62.8,24.1,750,10,1131,False,True,False,False,True,True,False,True,RESPIRATOR,False
2026-08-25T00:45:28,4.8,6.2,7.2,7.7,62.8,24.1,750,10,1131,False,True,False,False,True,True,False,True,RESPIRATOR,False
2026-08-25T00:45:29,4.9,6.3,7.3,7.8,62.8,24.1,750,10,1132,False,True,False,False,True,True,False,True,RESPIRATOR,False
2026-08-25T00:45:30,4.9,6.3,7.3,7.8,62.8,24.1,750,10,1132,False,True,False,False,True,True,False,False,RESPIRATOR,False
2026-08-25T00:45:31,4.9,6.3,7.3,7.8,62.8,24.1,750,10,1133,False,True,False,False,True,True,False,False,RESPIRATOR,False
2026-08-25T00:45:32,4.9,6.3,7.3,7.8,62.8,24.1,750,10,1134,False,True,False,False,True,True,False,False,RESPIRATOR,False
2026-08-25T00:45:33,4.9,6.3,7.3,7.8,62.8,24.1,750,10,1133,False,True,False,False,True,True,False,False,RESPIRATOR,False
2026-08-25T00:45:34,4.9,6.4,7.4,7.9,62.8,24.1,750,10,1133,False,True,False,False,True,False,True,False,RESPIRATOR,True
2026-08-25T00:45:35,4.9,6.4,7.4,7.9,62.8,24.1,750,10,1132,False,True,False,False,True,True,False,False,RESPIRATOR,False
2026-08-25T00:45:36,5.0,6.5,7.5,8.0,62.9,24.1,750,10,1132,False,True,False,False,True,True,False,False,RESPIRATOR,False
2026-08-25T00:45:37,5.0,6.5,7.5,8.0,63.0,24.1,750,10,1132,False,True,False,False,True,True,False,False,RESPIRATOR,False
2026-08-25T00:45:38,5.1,6.6,7.7,8.2,63.0,24.1,760,10,1132,False,True,False,False,True,True,False,False,RESPIRATOR,False
2026-08-25T00:45:39,5.1,6.6,7.7,8.2,63.1,24.1,760,10,1132,False,True,False,False,True,True,False,False,RESPIRATOR,False
2026-08-25T00:45:40,5.1,6.6,7.7,8.2,63.2,24.0,760,10,1132,False,True,False,False,True,True,False,False,RESPIRATOR,False
